-- COMPLETE PRODUCTION DATA IMPORT
-- Generated from OLD Gmail Cloudflare account
-- Date: Fri Jan 16 07:44:50 UTC 2026

-- Disable foreign key checks
PRAGMA foreign_keys = OFF;

-- Delete existing data (except schema)
DELETE FROM users WHERE id = 1; -- Remove dummy admin


-- users (6 rows)
INSERT OR IGNORE INTO users (id, email, password_hash, name, role, boss_id, active, created_at, last_login, language_preference, division, region, location, title) VALUES (1, 'admin@training.com', '$2a$10$bYp0rjnlmeQK5teL0zSQE.i.zhAD2zEICiVN57O/Z2FfSirmTE222', 'System Admin', 'admin', NULL, 1, '2025-10-28 09:04:38', '2026-01-16 05:06:57', NULL, NULL, NULL, NULL, NULL);
INSERT OR IGNORE INTO users (id, email, password_hash, name, role, boss_id, active, created_at, last_login, language_preference, division, region, location, title) VALUES (2, 'boss@training.com', '$2a$10$hpk4FXC0EXumkILY3qhOf.K6xYpybs7ZVWgj8UCYW4PFlcrSAhOeq', 'Jane Boss', 'boss', NULL, 1, '2025-10-28 09:04:47', '2025-12-10 08:51:18', NULL, NULL, NULL, NULL, NULL);
INSERT OR IGNORE INTO users (id, email, password_hash, name, role, boss_id, active, created_at, last_login, language_preference, division, region, location, title) VALUES (3, 'consultant1@training.com', '$2a$10$J76AEMkd1igkiEcjTSumLebNex5wSO4WlfasKlryMQKOGO9nFH.Ye', 'John Consultant', 'consultant', 2, 1, '2025-10-28 09:04:47', '2026-01-15 13:59:48', NULL, NULL, NULL, NULL, NULL);
INSERT OR IGNORE INTO users (id, email, password_hash, name, role, boss_id, active, created_at, last_login, language_preference, division, region, location, title) VALUES (4, 'consultant2@training.com', '$2a$10$J76AEMkd1igkiEcjTSumLebNex5wSO4WlfasKlryMQKOGO9nFH.Ye', 'Sarah Smith', 'consultant', 2, 1, '2025-10-28 09:04:47', NULL, NULL, NULL, NULL, NULL, NULL);
INSERT OR IGNORE INTO users (id, email, password_hash, name, role, boss_id, active, created_at, last_login, language_preference, division, region, location, title) VALUES (8, 'consultant5@training.com', '$2a$10$VFyiqZK/P5t1/LAfyqbGiOspTn.m4lbbWw5gKVLPXEHcBZ5jfzywC', 'Aryna Sabalenka', 'consultant', 2, 1, '2025-10-31 06:04:50', '2025-12-08 08:04:22', NULL, NULL, NULL, NULL, NULL);
INSERT OR IGNORE INTO users (id, email, password_hash, name, role, boss_id, active, created_at, last_login, language_preference, division, region, location, title) VALUES (11, 'tester@training.com', '$2a$10$92TWKeNeh.2WXRcLlaW3F.B5Z6SCsv6.McsBNGM0YKmT.1WYSrYXO', 'Tester', 'consultant', 2, 1, '2025-11-10 02:24:36', '2025-11-10 02:25:01', NULL, 'OXD', 'SEA', 'Malaysia', 'Consultant');

-- achievements (15 rows)
INSERT OR IGNORE INTO achievements (id, code, title, description, icon, points) VALUES (1, 'first_test', 'First Steps', 'Complete your first test', '🎯', 10);
INSERT OR IGNORE INTO achievements (id, code, title, description, icon, points) VALUES (2, 'streak_10', 'Dedicated Learner', 'Maintain a 10-day streak', '🔥', 50);
INSERT OR IGNORE INTO achievements (id, code, title, description, icon, points) VALUES (3, 'streak_50', 'Training Master', 'Maintain a 50-day streak', '💪', 200);
INSERT OR IGNORE INTO achievements (id, code, title, description, icon, points) VALUES (4, 'streak_100', 'Legend', 'Maintain a 100-day streak', '👑', 500);
INSERT OR IGNORE INTO achievements (id, code, title, description, icon, points) VALUES (5, 'level_10', 'Rising Star', 'Complete 10 levels', '⭐', 100);
INSERT OR IGNORE INTO achievements (id, code, title, description, icon, points) VALUES (6, 'level_25', 'Expert', 'Complete 25 levels', '🏆', 250);
INSERT OR IGNORE INTO achievements (id, code, title, description, icon, points) VALUES (7, 'level_50', 'Master', 'Complete 50 levels', '💎', 500);
INSERT OR IGNORE INTO achievements (id, code, title, description, icon, points) VALUES (8, 'perfect_score', 'Perfectionist', 'Get 100% on a test', '💯', 25);
INSERT OR IGNORE INTO achievements (id, code, title, description, icon, points) VALUES (9, 'speed_demon', 'Speed Demon', 'Complete a test in under 5 minutes', '⚡', 30);
INSERT OR IGNORE INTO achievements (id, code, title, description, icon, points) VALUES (10, 'comeback', 'Never Give Up', 'Pass a test after failing', '💪', 20);
INSERT OR IGNORE INTO achievements (id, code, title, description, icon, points) VALUES (11, 'boss_complete', 'Boss Slayer', 'Complete your first boss level', '🐉', 75);
INSERT OR IGNORE INTO achievements (id, code, title, description, icon, points) VALUES (12, 'boss_perfect', 'Boss Master', 'Get all boss levels approved without rejection', '👑', 150);
INSERT OR IGNORE INTO achievements (id, code, title, description, icon, points) VALUES (13, 'top_10', 'Elite Performer', 'Reach top 10 on leaderboard', '🥇', 100);
INSERT OR IGNORE INTO achievements (id, code, title, description, icon, points) VALUES (14, 'top_3', 'Podium Finisher', 'Reach top 3 on leaderboard', '🥈', 200);
INSERT OR IGNORE INTO achievements (id, code, title, description, icon, points) VALUES (15, 'rank_1', 'Champion', 'Reach #1 on leaderboard', '🏅', 500);

-- user_achievements (6 rows)
INSERT OR IGNORE INTO user_achievements (id, user_id, achievement_id, earned_at) VALUES (1, 3, 1, '2025-10-29 00:38:36');
INSERT OR IGNORE INTO user_achievements (id, user_id, achievement_id, earned_at) VALUES (2, 3, 8, '2025-10-29 00:38:37');
INSERT OR IGNORE INTO user_achievements (id, user_id, achievement_id, earned_at) VALUES (3, 8, 1, '2025-10-31 06:17:33');
INSERT OR IGNORE INTO user_achievements (id, user_id, achievement_id, earned_at) VALUES (4, 8, 8, '2025-10-31 06:17:34');
INSERT OR IGNORE INTO user_achievements (id, user_id, achievement_id, earned_at) VALUES (5, 11, 1, '2025-11-10 02:25:42');
INSERT OR IGNORE INTO user_achievements (id, user_id, achievement_id, earned_at) VALUES (6, 11, 8, '2025-11-10 02:25:43');

-- levels (27 rows)
INSERT OR IGNORE INTO levels (id, title, description, order_index, is_boss_level, active, created_at) VALUES (4, 'Boss Level 1: Has the consultant demonstrated understanding of Renoir basic project principles?', 'Demonstrate your learning from levels 1-4', 5, 1, 1, '2025-10-28 09:04:47');
INSERT OR IGNORE INTO levels (id, title, description, order_index, is_boss_level, active, created_at) VALUES (6, 'Renoir Introduction & Product Knowledge', NULL, 1, 0, 1, '2025-10-29 00:09:36');
INSERT OR IGNORE INTO levels (id, title, description, order_index, is_boss_level, active, created_at) VALUES (7, 'Renoir Project Management', NULL, 2, 0, 1, '2025-10-29 04:33:05');
INSERT OR IGNORE INTO levels (id, title, description, order_index, is_boss_level, active, created_at) VALUES (9, 'Renoir Change Management', NULL, 3, 0, 1, '2025-10-29 05:50:46');
INSERT OR IGNORE INTO levels (id, title, description, order_index, is_boss_level, active, created_at) VALUES (10, 'Client Management', NULL, 4, 0, 1, '2025-10-31 02:00:25');
INSERT OR IGNORE INTO levels (id, title, description, order_index, is_boss_level, active, created_at) VALUES (11, 'Renoir Resource Analysis', NULL, 6, 0, 1, '2025-10-31 02:01:58');
INSERT OR IGNORE INTO levels (id, title, description, order_index, is_boss_level, active, created_at) VALUES (12, 'Renoir Process Mapping', NULL, 7, 0, 1, '2025-10-31 02:02:26');
INSERT OR IGNORE INTO levels (id, title, description, order_index, is_boss_level, active, created_at) VALUES (13, 'Renoir Management Control Systems (MCS)', NULL, 8, 0, 1, '2025-10-31 02:07:43');
INSERT OR IGNORE INTO levels (id, title, description, order_index, is_boss_level, active, created_at) VALUES (14, 'Renoir Structures', NULL, 10, 0, 1, '2025-10-31 02:09:15');
INSERT OR IGNORE INTO levels (id, title, description, order_index, is_boss_level, active, created_at) VALUES (15, 'Boss Level- Has the consultant demonstrated their ability to map a org structure?', NULL, 11, 1, 1, '2025-10-31 02:10:17');
INSERT OR IGNORE INTO levels (id, title, description, order_index, is_boss_level, active, created_at) VALUES (16, 'Renoir Bases and Evaluation', NULL, 12, 0, 1, '2025-10-31 02:14:27');
INSERT OR IGNORE INTO levels (id, title, description, order_index, is_boss_level, active, created_at) VALUES (17, 'Data Analytics - Business Intelligence', NULL, 13, 0, 1, '2025-10-31 02:19:41');
INSERT OR IGNORE INTO levels (id, title, description, order_index, is_boss_level, active, created_at) VALUES (18, 'Renoir Strategy', NULL, 14, 0, 1, '2025-10-31 02:36:55');
INSERT OR IGNORE INTO levels (id, title, description, order_index, is_boss_level, active, created_at) VALUES (19, 'Boss- Level 2: Has the consultant demonstrated their ability to build MCS Brown Papers and Process Maps', NULL, 9, 1, 1, '2025-10-31 02:39:05');
INSERT OR IGNORE INTO levels (id, title, description, order_index, is_boss_level, active, created_at) VALUES (20, 'NJT Non-Technical: Introduction to YCP', '2 hours by Yuki', 101, 0, 1, '2025-12-04 08:11:41');
INSERT OR IGNORE INTO levels (id, title, description, order_index, is_boss_level, active, created_at) VALUES (21, 'NJT Non-Technical: Mindset as YCP Professional', '2 hours by Hiroko', 102, 0, 1, '2025-12-04 08:14:12');
INSERT OR IGNORE INTO levels (id, title, description, order_index, is_boss_level, active, created_at) VALUES (22, 'NJT Non-Technical: HUB', NULL, 103, 0, 1, '2025-12-04 08:25:40');
INSERT OR IGNORE INTO levels (id, title, description, order_index, is_boss_level, active, created_at) VALUES (23, 'NJT Non-Technical: DoA', NULL, 104, 0, 1, '2025-12-04 08:26:17');
INSERT OR IGNORE INTO levels (id, title, description, order_index, is_boss_level, active, created_at) VALUES (24, 'NJT Non-Technical: Compliance', NULL, 105, 0, 1, '2025-12-04 08:26:30');
INSERT OR IGNORE INTO levels (id, title, description, order_index, is_boss_level, active, created_at) VALUES (25, 'NJT Non-Technical: P&L', NULL, 106, 0, 1, '2025-12-04 08:26:43');
INSERT OR IGNORE INTO levels (id, title, description, order_index, is_boss_level, active, created_at) VALUES (26, 'NJT Non-Technical: PowerPoint (JP Only)', NULL, 107, 0, 1, '2025-12-04 08:26:59');
INSERT OR IGNORE INTO levels (id, title, description, order_index, is_boss_level, active, created_at) VALUES (27, 'Intensive Training: Consulting - Module I', NULL, 201, 0, 1, '2026-01-15 13:25:05');
INSERT OR IGNORE INTO levels (id, title, description, order_index, is_boss_level, active, created_at) VALUES (28, 'Intensive Training: Consulting - Module II', NULL, 204, 0, 1, '2026-01-15 13:29:49');
INSERT OR IGNORE INTO levels (id, title, description, order_index, is_boss_level, active, created_at) VALUES (29, 'Intensive Training: Marketing - Module I', NULL, 203, 0, 1, '2026-01-15 13:31:18');
INSERT OR IGNORE INTO levels (id, title, description, order_index, is_boss_level, active, created_at) VALUES (30, 'Intensive Training: Marketing - Module II', NULL, 206, 0, 1, '2026-01-15 13:31:37');
INSERT OR IGNORE INTO levels (id, title, description, order_index, is_boss_level, active, created_at) VALUES (31, 'Intensive Training: Finance - Module I', NULL, 202, 0, 1, '2026-01-15 13:32:11');
INSERT OR IGNORE INTO levels (id, title, description, order_index, is_boss_level, active, created_at) VALUES (32, 'Intensive Training: Finance - Module II', NULL, 205, 0, 1, '2026-01-15 13:32:22');

-- training_materials (66 rows)
INSERT OR IGNORE INTO training_materials (id, level_id, title, description, material_type, sharepoint_url, order_index, created_at) VALUES (5, 6, 'Introduction & Product Knowledge: Powerpoint', NULL, 'powerpoint', 'https://renoirgroup-my.sharepoint.com/:p:/p/keith_symondson/EWq1GvyCM95Fr5tcSk9EJycB6YbM3O02R4X0XNewwm31HA?e=mLQbHA', 1, '2025-10-29 00:10:52');
INSERT OR IGNORE INTO training_materials (id, level_id, title, description, material_type, sharepoint_url, order_index, created_at) VALUES (6, 7, 'Renoir Project Management', NULL, 'powerpoint', 'https://renoirgroup-my.sharepoint.com/:p:/p/keith_symondson/ET6hckvnTUhLuQIdO_UavkgBWhPgn1CY_D3Nl9Hal74Dvw?e=QI0Yxq', 1, '2025-10-29 04:34:09');
INSERT OR IGNORE INTO training_materials (id, level_id, title, description, material_type, sharepoint_url, order_index, created_at) VALUES (7, 9, 'Renoir Change Management Presentation', NULL, 'powerpoint', 'https://renoirgroup-my.sharepoint.com/:p:/p/keith_symondson/EZ_B5rNQNmpLlDZ5T4lDTagB_SuzIoIXzWWPEiDEy7EE7A?e=0nhtsd', 1, '2025-10-29 05:51:17');
INSERT OR IGNORE INTO training_materials (id, level_id, title, description, material_type, sharepoint_url, order_index, created_at) VALUES (8, 6, 'Brief Overview of Introduction - English - Podcast', 'Quick overview of the materials in the Introduction to Renoir and Product Knowledge (but you''ll need to read the Powerpoint to answer the test!)', 'other', 'https://renoirgroup-my.sharepoint.com/:u:/p/keith_symondson/EZrDB8DkGPdDtOLckdsZN8YBV6YUU2kMXv1IgBJ5Tn7iww?e=iDgH9M', 2, '2025-10-31 00:37:38');
INSERT OR IGNORE INTO training_materials (id, level_id, title, description, material_type, sharepoint_url, order_index, created_at) VALUES (9, 6, 'Renoir_Descomplicada__Excelência_Operacional,_Gestão_da_Impleme', 'Overview of the introduction to Renoir and our products - Portuguese - Podcast', 'other', 'https://renoirgroup-my.sharepoint.com/:u:/p/keith_symondson/ES8DeeVpU8BAsZI7wxdTxBgBwrtkUiivKmxnCjFWDVG4ig?e=cRddls', 4, '2025-10-31 00:44:21');
INSERT OR IGNORE INTO training_materials (id, level_id, title, description, material_type, sharepoint_url, order_index, created_at) VALUES (10, 6, 'ルノワール流「オペレーショナル・エクセレンス」の核心：新コンサルタント向けiTrainingプレゼン要点速習ガイド', 'Brief Intro to Renoir and our products', 'other', 'https://renoirgroup-my.sharepoint.com/:u:/p/keith_symondson/ER4I4nwz6CFKkBqC3Th8_u4BO1CXhvtsQNRkdNHxhdR-RA?e=wbcayh', 5, '2025-10-31 00:45:42');
INSERT OR IGNORE INTO training_materials (id, level_id, title, description, material_type, sharepoint_url, order_index, created_at) VALUES (11, 6, 'Brief Video intro to Renoir and what we do', NULL, 'powerpoint', 'https://renoirgroup-my.sharepoint.com/:v:/p/keith_symondson/EcFjwu48Ir5FmmVVy3qgftUB6Af1qAnN6o6JZafhuzkyvg?e=b00TVj', 3, '2025-10-31 00:47:03');
INSERT OR IGNORE INTO training_materials (id, level_id, title, description, material_type, sharepoint_url, order_index, created_at) VALUES (12, 10, 'Renoir Client Management', NULL, 'powerpoint', 'https://renoirgroup-my.sharepoint.com/:b:/p/keith_symondson/Eba_a_pPoAxCi6OkoW6PsFsB5sImVsD2_28njJ9-27UXvA?e=ULJW6F', 1, '2025-10-31 02:01:17');
INSERT OR IGNORE INTO training_materials (id, level_id, title, description, material_type, sharepoint_url, order_index, created_at) VALUES (13, 12, 'Renoir Process Mapping', NULL, 'powerpoint', 'https://renoirgroup-my.sharepoint.com/:b:/p/keith_symondson/EchJzFXroBVFur8xThvAtGQBymVlcCBCYEBLzmQQgWIABQ?e=YWTP7S', 1, '2025-10-31 02:03:45');
INSERT OR IGNORE INTO training_materials (id, level_id, title, description, material_type, sharepoint_url, order_index, created_at) VALUES (14, 13, 'Management Control Systems Powerpoint', NULL, 'powerpoint', 'https://renoirgroup-my.sharepoint.com/:b:/p/keith_symondson/ESFvC3NZQJ1FuuVkTGnKsRMBEMAICk-EKA2UxQkOetwHzA?e=obQQew', 1, '2025-10-31 02:08:39');
INSERT OR IGNORE INTO training_materials (id, level_id, title, description, material_type, sharepoint_url, order_index, created_at) VALUES (15, 16, 'Bases and Evaluations', NULL, 'powerpoint', 'https://renoirgroup-my.sharepoint.com/:b:/p/keith_symondson/EfNRTFzGXkdEqGke8cvCZpwBf2tsZYQts-wn_13OUoaszQ?e=WCLkTn', 1, '2025-10-31 02:18:42');
INSERT OR IGNORE INTO training_materials (id, level_id, title, description, material_type, sharepoint_url, order_index, created_at) VALUES (16, 7, 'Overview Podcast - English', NULL, 'other', 'https://renoirgroup-my.sharepoint.com/:u:/p/keith_symondson/EU3y9t9oBYdOlQ5_rPePAOgBLKoKOLyhbV7YxvYvia1UMw?e=tx4zfs', 3, '2025-10-31 05:03:46');
INSERT OR IGNORE INTO training_materials (id, level_id, title, description, material_type, sharepoint_url, order_index, created_at) VALUES (17, 7, 'ルノワール流PMP（プロジェクトマネジメントプロセス）の基本：成功に導く3つの柱と社内活用術', NULL, 'other', 'https://renoirgroup-my.sharepoint.com/:u:/p/keith_symondson/EUkOJKxAoJVMmRwuClPrNfkBLvdHVsjVuYTxSBmbZe6K7Q?e=pi9nbO', 4, '2025-10-31 05:08:26');
INSERT OR IGNORE INTO training_materials (id, level_id, title, description, material_type, sharepoint_url, order_index, created_at) VALUES (18, 7, 'Video Introducing Renoir''s Project Management Process', NULL, 'video', 'https://renoirgroup-my.sharepoint.com/:v:/p/keith_symondson/EeDAV74sGV5KgDctS8cEDvgB6mmeYHjtges5xFn8Tju8OA?e=oALyyf', 2, '2025-10-31 05:13:04');
INSERT OR IGNORE INTO training_materials (id, level_id, title, description, material_type, sharepoint_url, order_index, created_at) VALUES (19, 9, 'Change Management - Brief Intro - Podcast', NULL, 'other', 'https://renoirgroup-my.sharepoint.com/:u:/p/keith_symondson/EW_Km44dVdxMk7r-jq9rtSUB2C_uIGRQCy5PsqUSF5LJKQ?e=Gd6h6L', 2, '2025-10-31 06:02:20');
INSERT OR IGNORE INTO training_materials (id, level_id, title, description, material_type, sharepoint_url, order_index, created_at) VALUES (20, 9, 'Renoir Change Management - Indepth Podcast', NULL, 'other', 'https://renoirgroup-my.sharepoint.com/:u:/p/keith_symondson/EaFRC6LVrVtDpo1w2ac7enQBirfSb0yHdLKcmK40XHO3kw?e=1hQSJe', 3, '2025-10-31 06:03:23');
INSERT OR IGNORE INTO training_materials (id, level_id, title, description, material_type, sharepoint_url, order_index, created_at) VALUES (21, 20, 'Slides', NULL, 'powerpoint', 'https://ycphd.sharepoint.com/:p:/r/sites/2_Academy/Academy%20Documents/02%20New%20Joiner%20Training/FY2026/Q1/Training%20Materials/Non-Technical/Intro%20%26%20Mindset%20Training/%5BFY25Q4%20NJT%5D%20Intro%20to%20YCP.pptx?d=w8ce6a4736d16418893d5c620964cd031&csf=1&web=1&e=fVqHl9', 1, '2025-12-04 08:13:14');
INSERT OR IGNORE INTO training_materials (id, level_id, title, description, material_type, sharepoint_url, order_index, created_at) VALUES (22, 21, 'Slides', NULL, 'powerpoint', 'https://ycphd.sharepoint.com/:p:/r/sites/2_Academy/Academy%20Documents/02%20New%20Joiner%20Training/FY2026/Q1/Training%20Materials/Non-Technical/Intro%20%26%20Mindset%20Training/%5BFY25Q4%20NJT%5D%20Mindset%20as%20YCP%20Professional.pptx?d=w287e9ab95b6d4ce68106bab2bd5ae5e1&csf=1&web=1&e=k5r97H', 1, '2025-12-04 08:14:33');
INSERT OR IGNORE INTO training_materials (id, level_id, title, description, material_type, sharepoint_url, order_index, created_at) VALUES (23, 20, 'Video Part 1', NULL, 'powerpoint', 'https://ycphd.sharepoint.com/:v:/r/sites/2_Academy/Academy%20Documents/02%20New%20Joiner%20Training/FY2026/Q1/Training%20Materials/Non-Technical/Intro%20%26%20Mindset%20Training/%5BNJT%5D%20Introduction%20to%20YCP%20Group%20(2h)%20by%20Yuki%20Part1-20251002-Recording.mp4?csf=1&web=1&e=UlL2hy', 2, '2025-12-04 08:16:18');
INSERT OR IGNORE INTO training_materials (id, level_id, title, description, material_type, sharepoint_url, order_index, created_at) VALUES (24, 20, 'Video Part 2', NULL, 'powerpoint', 'https://ycphd.sharepoint.com/:v:/r/sites/2_Academy/Academy%20Documents/02%20New%20Joiner%20Training/FY2026/Q1/Training%20Materials/Non-Technical/Intro%20%26%20Mindset%20Training/%5BNJT%5D%20Introduction%20to%20YCP%20Group%20(2h)%20by%20Yuki%20Part2-20251002-Recording.mp4?csf=1&web=1&e=7taZpD', 3, '2025-12-04 08:17:10');
INSERT OR IGNORE INTO training_materials (id, level_id, title, description, material_type, sharepoint_url, order_index, created_at) VALUES (25, 21, 'Video Part 1', NULL, 'powerpoint', 'https://ycphd.sharepoint.com/:v:/r/sites/2_Academy/Academy%20Documents/02%20New%20Joiner%20Training/FY2026/Q1/Training%20Materials/Non-Technical/Intro%20%26%20Mindset%20Training/Mindset%20as%20YCP%20Professional%20(2h)%20Part1-20251003-Recording.mp4?csf=1&web=1&e=WkHBDt', 4, '2025-12-04 08:17:51');
INSERT OR IGNORE INTO training_materials (id, level_id, title, description, material_type, sharepoint_url, order_index, created_at) VALUES (26, 21, 'Video Part 2', NULL, 'powerpoint', 'https://ycphd.sharepoint.com/:v:/r/sites/2_Academy/Academy%20Documents/02%20New%20Joiner%20Training/FY2026/Q1/Training%20Materials/Non-Technical/Intro%20%26%20Mindset%20Training/Mindset%20as%20YCP%20Professional%20(2h)%20Part2-20251003-Recording.mp4?csf=1&web=1&e=owxJcp', 6, '2025-12-04 08:18:12');
INSERT OR IGNORE INTO training_materials (id, level_id, title, description, material_type, sharepoint_url, order_index, created_at) VALUES (27, 22, 'Slides', 'For Managers and Below', 'powerpoint', 'https://ycphd.sharepoint.com/:p:/r/sites/2_Academy/Academy%20Documents/02%20New%20Joiner%20Training/FY2026/Q1/Training%20Materials/Non-Technical/Hub%20Training/HUB1%20NJT%202025.pptx?d=we10c1b6ffe7e4c4caa6f2d3528ad0548&csf=1&web=1&e=mCIiTV', 1, '2025-12-04 08:27:42');
INSERT OR IGNORE INTO training_materials (id, level_id, title, description, material_type, sharepoint_url, order_index, created_at) VALUES (28, 22, 'Video', 'For Managers and Below', 'powerpoint', 'https://ycphd.sharepoint.com/:v:/r/sites/2_Academy/Academy%20Documents/02%20New%20Joiner%20Training/FY2026/Q1/Training%20Materials/Non-Technical/Hub%20Training/%5BNJT%5D%20Hub%20Training%202%20(1h)%20by%20Arfian-20251009-Recording.mp4?csf=1&web=1&e=LlCRYQ', 1, '2025-12-04 08:28:04');
INSERT OR IGNORE INTO training_materials (id, level_id, title, description, material_type, sharepoint_url, order_index, created_at) VALUES (30, 23, 'Video', NULL, 'video', 'https://ycphd.sharepoint.com/:v:/r/sites/2_Academy/Academy%20Documents/02%20New%20Joiner%20Training/FY2026/Q1/Training%20Materials/Non-Technical/DoA%20Training/%5BNJT%5D%20Delegation%20of%20Authority%20(30%20mins)%20by%20Tsutsumi-20250710-Recording.mp4?csf=1&web=1&e=ccl5vQ', 2, '2025-12-04 08:28:58');
INSERT OR IGNORE INTO training_materials (id, level_id, title, description, material_type, sharepoint_url, order_index, created_at) VALUES (31, 23, 'Document', NULL, 'other', 'https://ycphd.sharepoint.com/sites/1_Admin/00%20YCP%20Group/Forms/AllItems.aspx?viewid=690fcd44%2D9614%2D4378%2D805b%2D2795f8ef95be&FolderCTID=0x012000D598351DA5A1EE4983646CA44D4B7553&id=%2Fsites%2F1%5FAdmin%2F00%20YCP%20Group%2F01%20General%2F02%20Group%20Policies%2F02%20Illustrative%20Guides%2F1%2E6%2E1%20Delegation%20of%20Authority%20Illustration%5F20250521%5Fv018%2Epdf&parent=%2Fsites%2F1%5FAdmin%2F00%20YCP%20Group%2F01%20General%2F02%20Group%20Policies%2F02%20Illustrative%20Guides', 1, '2025-12-04 08:29:59');
INSERT OR IGNORE INTO training_materials (id, level_id, title, description, material_type, sharepoint_url, order_index, created_at) VALUES (32, 24, 'Slides 1', 'Legal', 'powerpoint', 'https://ycphd.sharepoint.com/:b:/r/sites/2_Academy/Academy%20Documents/02%20New%20Joiner%20Training/FY2026/Q1/Training%20Materials/Non-Technical/Compliance%20Training/NJT_Compliance%20Training_202510_v.1%20(EN).pdf?csf=1&web=1&e=s0sDEn', 1, '2025-12-04 08:30:32');
INSERT OR IGNORE INTO training_materials (id, level_id, title, description, material_type, sharepoint_url, order_index, created_at) VALUES (33, 24, 'Slides 2', 'IA', 'powerpoint', 'https://ycphd.sharepoint.com/:b:/r/sites/2_Academy/Academy%20Documents/02%20New%20Joiner%20Training/FY2026/Q1/Training%20Materials/Non-Technical/Compliance%20Training/FY2025%20NJT_IA%20Sharing%20Session.pdf?csf=1&web=1&e=zDbScB', 2, '2025-12-04 08:30:48');
INSERT OR IGNORE INTO training_materials (id, level_id, title, description, material_type, sharepoint_url, order_index, created_at) VALUES (34, 24, 'Video', NULL, 'video', 'https://ycphd.sharepoint.com/:v:/r/sites/2_Academy/Academy%20Documents/02%20New%20Joiner%20Training/FY2026/Q1/Training%20Materials/Non-Technical/Compliance%20Training/%5BNJT%5D%20Compliance%20and%20IA%20(1h)%20by%20Irene%20and%20Yi-Jia-20251008-Recording.mp4?csf=1&web=1&e=EBHRig', 3, '2025-12-04 08:31:06');
INSERT OR IGNORE INTO training_materials (id, level_id, title, description, material_type, sharepoint_url, order_index, created_at) VALUES (35, 25, 'Slides', NULL, 'powerpoint', 'https://ycphd.sharepoint.com/:p:/r/sites/2_Academy/Academy%20Documents/02%20New%20Joiner%20Training/FY2026/Q1/Training%20Materials/Non-Technical/PL%20and%20Internal%20Rate%20Structure/Compensation%20Policy%20fin%20v02.pptx?d=w8e9f636de45f41efbbc320da8a6a935d&csf=1&web=1&e=je9afd', 1, '2025-12-04 08:31:31');
INSERT OR IGNORE INTO training_materials (id, level_id, title, description, material_type, sharepoint_url, order_index, created_at) VALUES (37, 25, 'Cideo', NULL, 'video', 'https://ycphd.sharepoint.com/:v:/r/sites/2_Academy/Academy%20Documents/02%20New%20Joiner%20Training/FY2026/Q1/Training%20Materials/Non-Technical/PL%20and%20Internal%20Rate%20Structure/Introduction%20of%20MSD%20simplified%20P%26L%20model%20and%20concept%20of%20Internal%20rate-20231005-Recording.mp4?csf=1&web=1&e=Jjq3RM', 1, '2025-12-04 08:31:55');
INSERT OR IGNORE INTO training_materials (id, level_id, title, description, material_type, sharepoint_url, order_index, created_at) VALUES (38, 26, 'Slides', NULL, 'powerpoint', 'https://ycphd.sharepoint.com/:p:/r/sites/2_Academy/Academy%20Documents/02%20New%20Joiner%20Training/FY2026/Q1/Training%20Materials/Non-Technical/PowerPoint/PPT%E7%A0%94%E4%BF%AE_202510_%E9%80%81%E4%BB%98%E7%89%88.pptx?d=wc83e1ad56d1e472f8327ad220de14003&csf=1&web=1&e=Xaxnwx', 1, '2025-12-04 08:32:17');
INSERT OR IGNORE INTO training_materials (id, level_id, title, description, material_type, sharepoint_url, order_index, created_at) VALUES (39, 26, 'Video', NULL, 'video', 'https://ycphd.sharepoint.com/:v:/r/sites/2_Academy/Academy%20Documents/02%20New%20Joiner%20Training/FY2026/Q1/Training%20Materials/Non-Technical/PowerPoint/%5BNJT%5D%20PowerPoint%20Training%20(Japan%20professionals%20only%201h)%20by%20Fujimura-20251006-Recording.mp4?csf=1&web=1&e=lnK65g', 1, '2025-12-04 08:32:30');
INSERT OR IGNORE INTO training_materials (id, level_id, title, description, material_type, sharepoint_url, order_index, created_at) VALUES (40, 27, 'Video 1', NULL, 'video', 'https://ycphd.sharepoint.com/:v:/r/sites/2_Academy/Academy%20Documents/03%20YCP%20Academy%20Intensive%20Training/02.%20CON/06.%20CON_Training%20video%20ENG/Module%201/Consulting%20Academy%201-1.mp4?csf=1&web=1&e=HB5MGI', 1, '2026-01-15 13:26:57');
INSERT OR IGNORE INTO training_materials (id, level_id, title, description, material_type, sharepoint_url, order_index, created_at) VALUES (41, 27, 'Video 2', NULL, 'video', 'https://ycphd.sharepoint.com/:v:/r/sites/2_Academy/Academy%20Documents/03%20YCP%20Academy%20Intensive%20Training/02.%20CON/06.%20CON_Training%20video%20ENG/Module%201/Consulting%20Academy%201-2.mp4?csf=1&web=1&e=7hsCm6', 2, '2026-01-15 13:27:27');
INSERT OR IGNORE INTO training_materials (id, level_id, title, description, material_type, sharepoint_url, order_index, created_at) VALUES (42, 27, 'Video 3', NULL, 'video', 'https://ycphd.sharepoint.com/:v:/r/sites/2_Academy/Academy%20Documents/03%20YCP%20Academy%20Intensive%20Training/02.%20CON/06.%20CON_Training%20video%20ENG/Module%201/Consulting%20Academy%201-3.mp4?csf=1&web=1&e=95Q1hz', 3, '2026-01-15 13:27:48');
INSERT OR IGNORE INTO training_materials (id, level_id, title, description, material_type, sharepoint_url, order_index, created_at) VALUES (43, 27, 'Video 4', NULL, 'video', 'https://ycphd.sharepoint.com/:v:/r/sites/2_Academy/Academy%20Documents/03%20YCP%20Academy%20Intensive%20Training/02.%20CON/06.%20CON_Training%20video%20ENG/Module%201/Consulting%20Academy%201-4.mp4?csf=1&web=1&e=1DphrV', 4, '2026-01-15 13:28:07');
INSERT OR IGNORE INTO training_materials (id, level_id, title, description, material_type, sharepoint_url, order_index, created_at) VALUES (44, 28, 'Video 1', NULL, 'video', 'https://ycphd.sharepoint.com/:v:/r/sites/2_Academy/Academy%20Documents/03%20YCP%20Academy%20Intensive%20Training/02.%20CON/06.%20CON_Training%20video%20ENG/Module%202/YCP%20Academy(Online)%20-%20Consulting%20Level-5-20230214_173650-Meeting%20Recording.mp4?csf=1&web=1&e=2Afb1t', 1, '2026-01-15 13:33:40');
INSERT OR IGNORE INTO training_materials (id, level_id, title, description, material_type, sharepoint_url, order_index, created_at) VALUES (45, 28, 'Video 2', NULL, 'video', 'https://ycphd.sharepoint.com/:v:/r/sites/2_Academy/Academy%20Documents/03%20YCP%20Academy%20Intensive%20Training/02.%20CON/06.%20CON_Training%20video%20ENG/Module%202/YCP%20Academy%20-%20Consulting%20Level%206.mp4?csf=1&web=1&e=Fkr56t', 2, '2026-01-15 13:33:59');
INSERT OR IGNORE INTO training_materials (id, level_id, title, description, material_type, sharepoint_url, order_index, created_at) VALUES (46, 28, 'Video 3', NULL, 'video', 'https://ycphd.sharepoint.com/:v:/r/sites/2_Academy/Academy%20Documents/03%20YCP%20Academy%20Intensive%20Training/02.%20CON/06.%20CON_Training%20video%20ENG/Module%202/YCP%20Academy(Online)%20-%20Consulting%20Level-7-20230127_180100-%E4%BC%9A%E8%AD%B0%E3%81%AE%E9%8C%B2%E9%9F%B3.mp4?csf=1&web=1&e=sFJXL3', 3, '2026-01-15 13:34:15');
INSERT OR IGNORE INTO training_materials (id, level_id, title, description, material_type, sharepoint_url, order_index, created_at) VALUES (47, 28, 'Video 4', NULL, 'video', 'https://ycphd.sharepoint.com/:v:/r/sites/2_Academy/Academy%20Documents/03%20YCP%20Academy%20Intensive%20Training/02.%20CON/06.%20CON_Training%20video%20ENG/Module%202/YCP%20Academy(Online)%20-%20Consulting%20Level-8-20230204_191656-%E4%BC%9A%E8%AD%B0%E3%81%AE%E9%8C%B2%E9%9F%B3.mp4?csf=1&web=1&e=j6en6Z', 4, '2026-01-15 13:34:33');
INSERT OR IGNORE INTO training_materials (id, level_id, title, description, material_type, sharepoint_url, order_index, created_at) VALUES (48, 29, 'WHO - Insight and Qualitative Consumer Research', 'Video 1', 'video', 'https://ycphd.sharepoint.com/:v:/r/sites/2_Academy/Academy%20Documents/03%20YCP%20Academy%20Intensive%20Training/01.%20MKT/06.%20MKT_Training%20video%20ENG/Module%201/WHO%20-%20Insight%20and%20Qualitiative%20Consumer%20Research.mp4?csf=1&web=1&e=Aqjkeq', 1, '2026-01-15 13:38:48');
INSERT OR IGNORE INTO training_materials (id, level_id, title, description, material_type, sharepoint_url, order_index, created_at) VALUES (49, 29, 'WHO - Quantitative Consumer Research', 'Video 2', 'video', 'https://ycphd.sharepoint.com/:v:/r/sites/2_Academy/Academy%20Documents/03%20YCP%20Academy%20Intensive%20Training/01.%20MKT/06.%20MKT_Training%20video%20ENG/Module%201/WHO%20Quantitative%20Consumer%20Research.mp4?csf=1&web=1&e=nXqMIa', 2, '2026-01-15 13:39:08');
INSERT OR IGNORE INTO training_materials (id, level_id, title, description, material_type, sharepoint_url, order_index, created_at) VALUES (50, 29, 'WHAT', 'Video 3', 'video', 'https://ycphd.sharepoint.com/:v:/r/sites/2_Academy/Academy%20Documents/03%20YCP%20Academy%20Intensive%20Training/01.%20MKT/06.%20MKT_Training%20video%20ENG/Module%201/WHAT.mp4?csf=1&web=1&e=snMxAT', 3, '2026-01-15 13:39:36');
INSERT OR IGNORE INTO training_materials (id, level_id, title, description, material_type, sharepoint_url, order_index, created_at) VALUES (51, 29, 'HOW - Path to Purchase', 'Video 4', 'video', 'https://ycphd.sharepoint.com/:v:/r/sites/2_Academy/Academy%20Documents/03%20YCP%20Academy%20Intensive%20Training/01.%20MKT/06.%20MKT_Training%20video%20ENG/Module%201/HOW%20-%20Path%20to%20Purchase.mp4?csf=1&web=1&e=34nVb7', 4, '2026-01-15 13:40:13');
INSERT OR IGNORE INTO training_materials (id, level_id, title, description, material_type, sharepoint_url, order_index, created_at) VALUES (53, 29, 'WHO - Insight and Qualitative Consumer Research', 'PPT 1', 'powerpoint', 'https://ycphd.sharepoint.com/:p:/r/sites/2_Academy/Academy%20Documents/03%20YCP%20Academy%20Intensive%20Training/01.%20MKT/06.%20MKT_Training%20video%20ENG/Module%201/221032_MKT%20Academy%20Module%201_WHO%20insight%20and%20qualitiative%20consumer%20research.pptx?d=wb0377775cc9744a49eb92e65ab0a0300&csf=1&web=1&e=oJbVza', 1, '2026-01-15 13:43:04');
INSERT OR IGNORE INTO training_materials (id, level_id, title, description, material_type, sharepoint_url, order_index, created_at) VALUES (54, 29, 'WHO - Quantitative Consumer Research', 'PPT 2', 'powerpoint', 'https://ycphd.sharepoint.com/:p:/r/sites/2_Academy/Academy%20Documents/03%20YCP%20Academy%20Intensive%20Training/01.%20MKT/06.%20MKT_Training%20video%20ENG/Module%201/221030_MKT%20Academy%20Module%201_WHO%20Quantitative%20consumer%20research%202.pptx?d=wac48e1147fdc43e98c9bb159595117ee&csf=1&web=1&e=iqjo0B', 2, '2026-01-15 13:43:27');
INSERT OR IGNORE INTO training_materials (id, level_id, title, description, material_type, sharepoint_url, order_index, created_at) VALUES (55, 30, 'HOW - Creative Development', 'Video 1', 'video', 'https://ycphd.sharepoint.com/:v:/r/sites/2_Academy/Academy%20Documents/03%20YCP%20Academy%20Intensive%20Training/01.%20MKT/06.%20MKT_Training%20video%20ENG/Module%202/Module2_HOW%20Creative%20Development.mp4?csf=1&web=1&e=iesRqn', 1, '2026-01-15 13:44:47');
INSERT OR IGNORE INTO training_materials (id, level_id, title, description, material_type, sharepoint_url, order_index, created_at) VALUES (56, 30, 'Digital Marketing', 'PPT 2', 'powerpoint', 'https://ycphd.sharepoint.com/:p:/r/sites/2_Academy/Academy%20Documents/03%20YCP%20Academy%20Intensive%20Training/01.%20MKT/06.%20MKT_Training%20video%20ENG/Module%202/230731%20YCP%20Academy%20MKT%20Module%20II-2%20-%20Digital%20Marketing.pptx?d=weca2f249bfef42129785fff1b40ecb70&csf=1&web=1&e=nORzsf', 2, '2026-01-15 13:45:27');
INSERT OR IGNORE INTO training_materials (id, level_id, title, description, material_type, sharepoint_url, order_index, created_at) VALUES (57, 30, 'Digital Marketing', 'Video 2', 'video', 'https://ycphd.sharepoint.com/:v:/r/sites/2_Academy/Academy%20Documents/03%20YCP%20Academy%20Intensive%20Training/01.%20MKT/06.%20MKT_Training%20video%20ENG/Module%202/230731%20YCP%20Academy%20MKT%20Module%20II-2%20-%20Digital%20Marketing.mp4?csf=1&web=1&e=g0ZqkO', 2, '2026-01-15 13:45:50');
INSERT OR IGNORE INTO training_materials (id, level_id, title, description, material_type, sharepoint_url, order_index, created_at) VALUES (58, 30, 'SEO', 'PPT 3', 'powerpoint', 'https://ycphd.sharepoint.com/:b:/r/sites/2_Academy/Academy%20Documents/03%20YCP%20Academy%20Intensive%20Training/01.%20MKT/06.%20MKT_Training%20video%20ENG/Module%202/230731%20YCP%20Academy%20MKT%20Module%20II-3%20-%20SEO.pdf?csf=1&web=1&e=vzjFza', 3, '2026-01-15 13:46:15');
INSERT OR IGNORE INTO training_materials (id, level_id, title, description, material_type, sharepoint_url, order_index, created_at) VALUES (59, 30, 'SEO', 'Video 3', 'video', 'https://ycphd.sharepoint.com/:v:/r/sites/2_Academy/Academy%20Documents/03%20YCP%20Academy%20Intensive%20Training/01.%20MKT/06.%20MKT_Training%20video%20ENG/Module%202/230731%20YCP%20Academy%20MKT%20Module%20II-3%20-%20SEO.mp4?csf=1&web=1&e=tSbqeO', 3, '2026-01-15 13:46:34');
INSERT OR IGNORE INTO training_materials (id, level_id, title, description, material_type, sharepoint_url, order_index, created_at) VALUES (60, 30, 'Overseas Expansion', 'PPT 4', 'powerpoint', 'https://ycphd.sharepoint.com/:b:/r/sites/2_Academy/Academy%20Documents/03%20YCP%20Academy%20Intensive%20Training/01.%20MKT/06.%20MKT_Training%20video%20ENG/Module%202/230731%20YCP%20Academy%20MKT%20Module%20II-4%20-%20Overseas%20Expansion.pdf?csf=1&web=1&e=Bavnzk', 4, '2026-01-15 13:46:58');
INSERT OR IGNORE INTO training_materials (id, level_id, title, description, material_type, sharepoint_url, order_index, created_at) VALUES (61, 30, 'Overseas Expansion', 'Video 4', 'video', 'https://ycphd.sharepoint.com/:v:/r/sites/2_Academy/Academy%20Documents/03%20YCP%20Academy%20Intensive%20Training/01.%20MKT/06.%20MKT_Training%20video%20ENG/Module%202/230731%20YCP%20Academy%20MKT%20Module%20II-4%20-%20Overseas%20Expansion.mp4?csf=1&web=1&e=yvBgTd', 4, '2026-01-15 13:47:24');
INSERT OR IGNORE INTO training_materials (id, level_id, title, description, material_type, sharepoint_url, order_index, created_at) VALUES (62, 31, 'Handling Numbers Part 1', 'Video 1', 'video', 'https://ycphd.sharepoint.com/:v:/r/sites/2_Academy/Academy%20Documents/03%20YCP%20Academy%20Intensive%20Training/03.%20FIN/06.%20FIN_Training%20video%20ENG/Module%201/Part%201.1_Finance_Handling%20Numbers%20_1.mp4?csf=1&web=1&e=Xs15GX', 1, '2026-01-15 13:48:47');
INSERT OR IGNORE INTO training_materials (id, level_id, title, description, material_type, sharepoint_url, order_index, created_at) VALUES (63, 31, 'Handling Numbers Part 2', 'Video 2', 'video', 'https://ycphd.sharepoint.com/:v:/r/sites/2_Academy/Academy%20Documents/03%20YCP%20Academy%20Intensive%20Training/03.%20FIN/06.%20FIN_Training%20video%20ENG/Module%201/Part%201.2_Finance_Handling%20Numbers%20_2.mp4?csf=1&web=1&e=wZfYg8', 2, '2026-01-15 13:49:14');
INSERT OR IGNORE INTO training_materials (id, level_id, title, description, material_type, sharepoint_url, order_index, created_at) VALUES (64, 31, 'Excel Basics Part 1', 'Video 3', 'video', 'https://ycphd.sharepoint.com/:v:/r/sites/2_Academy/Academy%20Documents/03%20YCP%20Academy%20Intensive%20Training/03.%20FIN/06.%20FIN_Training%20video%20ENG/Module%201/Part%202.1_Finance_Excel%20Basics_Formatting.mp4?csf=1&web=1&e=UjWPGQ', 3, '2026-01-15 13:49:40');
INSERT OR IGNORE INTO training_materials (id, level_id, title, description, material_type, sharepoint_url, order_index, created_at) VALUES (65, 31, 'Excel Basics Part 2', 'Video 4', 'video', 'https://ycphd.sharepoint.com/:v:/r/sites/2_Academy/Academy%20Documents/03%20YCP%20Academy%20Intensive%20Training/03.%20FIN/06.%20FIN_Training%20video%20ENG/Module%201/Part%202.2_Finance_Excel%20Basics_Formula%20_1.mp4?csf=1&web=1&e=IMMgb2', 4, '2026-01-15 13:50:03');
INSERT OR IGNORE INTO training_materials (id, level_id, title, description, material_type, sharepoint_url, order_index, created_at) VALUES (66, 31, 'Excel Basics Part 3', 'Video 5', 'video', 'https://ycphd.sharepoint.com/:v:/r/sites/2_Academy/Academy%20Documents/03%20YCP%20Academy%20Intensive%20Training/03.%20FIN/06.%20FIN_Training%20video%20ENG/Module%201/Part%202.3_Finance_Excel%20Basics_Formula%20_2.mp4?csf=1&web=1&e=5W2aWb', 5, '2026-01-15 13:50:27');
INSERT OR IGNORE INTO training_materials (id, level_id, title, description, material_type, sharepoint_url, order_index, created_at) VALUES (67, 31, 'Excel Basics Part 4', 'Video 6', 'video', 'https://ycphd.sharepoint.com/:v:/r/sites/2_Academy/Academy%20Documents/03%20YCP%20Academy%20Intensive%20Training/03.%20FIN/06.%20FIN_Training%20video%20ENG/Module%201/Part%202.4_Finance_Excel%20Basics_PivotTable.mp4?csf=1&web=1&e=OSCMb1', 6, '2026-01-15 13:50:50');
INSERT OR IGNORE INTO training_materials (id, level_id, title, description, material_type, sharepoint_url, order_index, created_at) VALUES (68, 31, 'Excel Basics Part 5', 'Video 7', 'video', 'https://ycphd.sharepoint.com/:v:/r/sites/2_Academy/Academy%20Documents/03%20YCP%20Academy%20Intensive%20Training/03.%20FIN/06.%20FIN_Training%20video%20ENG/Module%201/Part%202.5_Finance_Excel%20Basics_Financial%20Model.mp4?csf=1&web=1&e=tU3Oej', 7, '2026-01-15 13:51:13');
INSERT OR IGNORE INTO training_materials (id, level_id, title, description, material_type, sharepoint_url, order_index, created_at) VALUES (69, 31, 'Financial Statements', 'Video 8', 'video', 'https://ycphd.sharepoint.com/:v:/r/sites/2_Academy/Academy%20Documents/03%20YCP%20Academy%20Intensive%20Training/03.%20FIN/06.%20FIN_Training%20video%20ENG/Module%201/Part%203_Finance_3%20Financial%20Statements.mp4?csf=1&web=1&e=3bl0tO', 8, '2026-01-15 13:51:39');
INSERT OR IGNORE INTO training_materials (id, level_id, title, description, material_type, sharepoint_url, order_index, created_at) VALUES (70, 31, 'Financial Analysis', 'Video 9', 'video', 'https://ycphd.sharepoint.com/:v:/r/sites/2_Academy/Academy%20Documents/03%20YCP%20Academy%20Intensive%20Training/03.%20FIN/06.%20FIN_Training%20video%20ENG/Module%201/Part%204_Finance_Financial%20Analysis.mp4?csf=1&web=1&e=fJqSef', 9, '2026-01-15 13:52:00');
INSERT OR IGNORE INTO training_materials (id, level_id, title, description, material_type, sharepoint_url, order_index, created_at) VALUES (71, 32, 'Valuation 1 & 2', 'Video 1', 'video', 'https://ycphd.sharepoint.com/:v:/r/sites/2_Academy/Academy%20Documents/03%20YCP%20Academy%20Intensive%20Training/03.%20FIN/06.%20FIN_Training%20video%20ENG/Module%202/Finance%20Academy%205%20%26%206%20-%20Valuation-20230420_190939-Meeting%20Recording.mp4?csf=1&web=1&e=OsTKxL', 1, '2026-01-15 13:53:12');
INSERT OR IGNORE INTO training_materials (id, level_id, title, description, material_type, sharepoint_url, order_index, created_at) VALUES (72, 32, 'M&A Process', 'Video 2', 'video', 'https://ycphd.sharepoint.com/:v:/r/sites/2_Academy/Academy%20Documents/03%20YCP%20Academy%20Intensive%20Training/03.%20FIN/06.%20FIN_Training%20video%20ENG/Module%202/Finance%20Academy%207%20%E2%80%93%20M%26A%20process-20230424_180928-Meeting%20Recording.mp4?csf=1&web=1&e=2docbB', 2, '2026-01-15 13:53:31');
INSERT OR IGNORE INTO training_materials (id, level_id, title, description, material_type, sharepoint_url, order_index, created_at) VALUES (73, 32, 'Structuring, Valuation & LBO', 'Video 3', 'video', 'https://ycphd.sharepoint.com/:v:/r/sites/2_Academy/Academy%20Documents/03%20YCP%20Academy%20Intensive%20Training/03.%20FIN/06.%20FIN_Training%20video%20ENG/Module%202/Finance%20Academy%208%20-%20Structuring,%20Valuation,%20LBO-20230515_190153-Meeting%20Recording.mp4?csf=1&web=1&e=NTkBDV', 3, '2026-01-15 13:53:42');

-- tests (11 rows)
INSERT OR IGNORE INTO tests (id, level_id, title, description, pass_percentage, time_limit_minutes, created_at) VALUES (4, 6, 'Introduction & Product Knowledge', NULL, 80, NULL, '2025-10-29 00:11:30');
INSERT OR IGNORE INTO tests (id, level_id, title, description, pass_percentage, time_limit_minutes, created_at) VALUES (12, 7, 'Project Management Test One', NULL, 80, NULL, '2025-10-29 04:34:53');
INSERT OR IGNORE INTO tests (id, level_id, title, description, pass_percentage, time_limit_minutes, created_at) VALUES (13, 9, 'Change Management - Test 1', NULL, 80, NULL, '2025-10-29 05:52:01');
INSERT OR IGNORE INTO tests (id, level_id, title, description, pass_percentage, time_limit_minutes, created_at) VALUES (14, 18, 'Renoir Strategy', NULL, 80, NULL, '2025-10-31 03:34:02');
INSERT OR IGNORE INTO tests (id, level_id, title, description, pass_percentage, time_limit_minutes, created_at) VALUES (15, 10, 'Client Management', NULL, 80, NULL, '2025-10-31 09:49:55');
INSERT OR IGNORE INTO tests (id, level_id, title, description, pass_percentage, time_limit_minutes, created_at) VALUES (16, 11, 'Resource Analysis', NULL, 80, NULL, '2025-10-31 13:40:30');
INSERT OR IGNORE INTO tests (id, level_id, title, description, pass_percentage, time_limit_minutes, created_at) VALUES (17, 12, 'Renoir Process Mapping', NULL, 80, NULL, '2025-11-01 05:04:22');
INSERT OR IGNORE INTO tests (id, level_id, title, description, pass_percentage, time_limit_minutes, created_at) VALUES (18, 13, 'Management Control System (MCS)', NULL, 80, NULL, '2025-11-01 06:30:42');
INSERT OR IGNORE INTO tests (id, level_id, title, description, pass_percentage, time_limit_minutes, created_at) VALUES (19, 14, 'Renoir Structures', NULL, 80, NULL, '2025-11-01 07:45:07');
INSERT OR IGNORE INTO tests (id, level_id, title, description, pass_percentage, time_limit_minutes, created_at) VALUES (20, 16, 'Renoir Bases and Evaluation', NULL, 80, NULL, '2025-11-03 02:33:27');
INSERT OR IGNORE INTO tests (id, level_id, title, description, pass_percentage, time_limit_minutes, created_at) VALUES (21, 17, 'Data Analytics - Business Intelligence', NULL, 80, NULL, '2025-11-03 03:20:43');

-- questions (93 rows)
INSERT OR IGNORE INTO questions (id, test_id, question_text, question_type, order_index, points, created_at) VALUES (4, 4, 'What is Renoir''s main area of focus?', 'multiple_choice', 1, 1, NULL);
INSERT OR IGNORE INTO questions (id, test_id, question_text, question_type, order_index, points, created_at) VALUES (6, 4, 'What does OEE stand for?', 'multiple_choice', 1, 1, NULL);
INSERT OR IGNORE INTO questions (id, test_id, question_text, question_type, order_index, points, created_at) VALUES (8, 4, 'Does Renoir work on projects involving organisational design and organisational development?', 'true_false', 1, 1, NULL);
INSERT OR IGNORE INTO questions (id, test_id, question_text, question_type, order_index, points, created_at) VALUES (9, 4, 'MCS stands for Management ___ System. ', 'fill_blank', 1, 1, '2025-10-29 04:30:43');
INSERT OR IGNORE INTO questions (id, test_id, question_text, question_type, order_index, points, created_at) VALUES (10, 12, 'What are the three pillars of the way in which Renoir delivers results?', 'multiple_response', 1, 1, '2025-10-29 04:36:51');
INSERT OR IGNORE INTO questions (id, test_id, question_text, question_type, order_index, points, created_at) VALUES (11, 12, 'Put these analysis and project phases in the correct order that we work through during a project.', 'ranking', 1, 1, '2025-10-29 04:38:55');
INSERT OR IGNORE INTO questions (id, test_id, question_text, question_type, order_index, points, created_at) VALUES (12, 12, 'Put the following project management phases and stages in the correct boxes.  ', 'hotspot', 1, 1, '2025-10-29 04:44:01');
INSERT OR IGNORE INTO questions (id, test_id, question_text, question_type, order_index, points, created_at) VALUES (13, 12, 'What sort of things would you find in the 01 Confidential documents foldr for a project- tick all that apply', 'multiple_response', 1, 2, '2025-10-29 05:27:53');
INSERT OR IGNORE INTO questions (id, test_id, question_text, question_type, order_index, points, created_at) VALUES (14, 12, 'Math the MAT charter titles to the typical content', 'matching', 1, 5, '2025-10-29 05:33:37');
INSERT OR IGNORE INTO questions (id, test_id, question_text, question_type, order_index, points, created_at) VALUES (15, 12, 'Put these phases of the value driver tree in order (first, at top)', 'ranking', 1, 1, '2025-10-29 05:37:00');
INSERT OR IGNORE INTO questions (id, test_id, question_text, question_type, order_index, points, created_at) VALUES (16, 12, 'STMP stands for Steps to ___ ___', 'fill_blank', 1, 2, '2025-10-29 05:38:33');
INSERT OR IGNORE INTO questions (id, test_id, question_text, question_type, order_index, points, created_at) VALUES (17, 12, 'Put the internal review stage gates in the correct order', 'ranking', 1, 2, '2025-10-29 05:43:21');
INSERT OR IGNORE INTO questions (id, test_id, question_text, question_type, order_index, points, created_at) VALUES (18, 12, 'Which is the odd one out in the PM Report Weekly Summary?', 'odd_one_out', 1, 1, '2025-10-29 05:46:41');
INSERT OR IGNORE INTO questions (id, test_id, question_text, question_type, order_index, points, created_at) VALUES (19, 12, 'More work is only the operations manager''s responsibility.', 'true_false', 1, 1, '2025-10-29 05:47:53');
INSERT OR IGNORE INTO questions (id, test_id, question_text, question_type, order_index, points, created_at) VALUES (20, 13, 'There are 2 stages of focus regarding our methodology:
', 'matching', 2, 1, '2025-10-29 05:54:03');
INSERT OR IGNORE INTO questions (id, test_id, question_text, question_type, order_index, points, created_at) VALUES (21, 13, 'Everything Renoir does boils down to one simple thing: ___
', 'fill_blank', 1, 1, '2025-10-29 05:54:35');
INSERT OR IGNORE INTO questions (id, test_id, question_text, question_type, order_index, points, created_at) VALUES (22, 13, 'The Kubler-Ross Change Curve depicts the various emotions people tend to go through after a negative shock change (middle management, supervision and workforce). Move the stages to the correct boxes.
', 'hotspot', 4, 1, '2025-10-29 06:04:46');
INSERT OR IGNORE INTO questions (id, test_id, question_text, question_type, order_index, points, created_at) VALUES (23, 13, 'Contact time!', 'hotspot', 1, 1, '2025-10-30 08:15:39');
INSERT OR IGNORE INTO questions (id, test_id, question_text, question_type, order_index, points, created_at) VALUES (24, 14, 'In Renoir’s Results Framework, what is the only one way to get improved results?', 'multiple_choice', 1, 1, '2025-10-31 03:38:44');
INSERT OR IGNORE INTO questions (id, test_id, question_text, question_type, order_index, points, created_at) VALUES (25, 14, 'According to the McKinsey 7S Framework, which elements are considered "SOFT" elements and are the less tangible qualities that a company demonstrates?', 'multiple_response', 2, 1, '2025-10-31 03:48:49');
INSERT OR IGNORE INTO questions (id, test_id, question_text, question_type, order_index, points, created_at) VALUES (26, 14, 'Using multiple frameworks for the same issue is unnecessary because it may confuse the client; one strong framework is sufficient.', 'true_false', 1, 1, '2025-10-31 03:58:21');
INSERT OR IGNORE INTO questions (id, test_id, question_text, question_type, order_index, points, created_at) VALUES (27, 14, 'The Change Paradox states that organizations typically change most effectively during decline, as fear motivates transformation.', 'true_false', 1, 1, '2025-10-31 04:02:37');
INSERT OR IGNORE INTO questions (id, test_id, question_text, question_type, order_index, points, created_at) VALUES (28, 14, 'Match each Strategic Analysis Stage with its PRIMARY QUESTION and KEY TOOLS:', 'matching', 1, 1, '2025-10-31 04:34:07');
INSERT OR IGNORE INTO questions (id, test_id, question_text, question_type, order_index, points, created_at) VALUES (29, 14, 'According to the Blue Ocean 4 Actions Framework, which of the following is NOT one of the four strategic actions?', 'odd_one_out', 1, 1, '2025-10-31 04:36:14');
INSERT OR IGNORE INTO questions (id, test_id, question_text, question_type, order_index, points, created_at) VALUES (30, 14, 'Match each Strategic Element to its defining question:
a. ___: What do we want to become?
b. ___: How should we behave?
c. ___: Who are we?
d. ___: (Not explicitly as "asks") They bridge vision and mission; describe future end-state
e. ___: (Not explicitly as "asks") Direct support to goals; work scope', 'fill_blank', 1, 1, '2025-10-31 04:46:37');
INSERT OR IGNORE INTO questions (id, test_id, question_text, question_type, order_index, points, created_at) VALUES (31, 14, 'Rank the following Ansoff''s 5 Turbulence Levels from LOWEST to HIGHEST environmental turbulence:', 'ranking', 1, 1, '2025-10-31 04:50:24');
INSERT OR IGNORE INTO questions (id, test_id, question_text, question_type, order_index, points, created_at) VALUES (32, 14, 'Below is the Renoir Results Framework diagram. Each zone represents a key component that drives results. Drag each label to the correct part of the diagram according to the Renoir model.', 'hotspot', 1, 1, '2025-10-31 05:02:03');
INSERT OR IGNORE INTO questions (id, test_id, question_text, question_type, order_index, points, created_at) VALUES (33, 14, 'Below is the Renoir Strategy Management Process. Each stage represents a sequential step from strategy formulation to management. Drag the label to each stage in the correct order based on the process described in the learning material.', 'hotspot', 1, 1, '2025-10-31 05:21:43');
INSERT OR IGNORE INTO questions (id, test_id, question_text, question_type, order_index, points, created_at) VALUES (34, 15, 'Which of the following correctly represents the Renoir formula for Trust?', 'multiple_choice', 5, 1, '2025-10-31 09:54:25');
INSERT OR IGNORE INTO questions (id, test_id, question_text, question_type, order_index, points, created_at) VALUES (35, 15, 'Which of the following are listed as ways to become more credible with a client? (Select all that apply)', 'multiple_response', 1, 1, '2025-10-31 10:00:47');
INSERT OR IGNORE INTO questions (id, test_id, question_text, question_type, order_index, points, created_at) VALUES (36, 15, 'Put the following steps of Renoir’s Stakeholder Analysis in the correct order:', 'ranking', 1, 1, '2025-10-31 10:02:25');
INSERT OR IGNORE INTO questions (id, test_id, question_text, question_type, order_index, points, created_at) VALUES (37, 15, 'According to Renoir’s adaptation of Gleicher’s model, Resistance < Need × Vision × Capacity × ___', 'fill_blank', 1, 1, '2025-10-31 10:04:20');
INSERT OR IGNORE INTO questions (id, test_id, question_text, question_type, order_index, points, created_at) VALUES (38, 15, 'Which of the following are part of Renoir’s guidance on increasing client reliability?', 'multiple_response', 1, 1, '2025-10-31 10:05:21');
INSERT OR IGNORE INTO questions (id, test_id, question_text, question_type, order_index, points, created_at) VALUES (39, 15, 'Match each stakeholder contact level to its Renoir-defined frequency.', 'matching', 1, 1, '2025-10-31 10:11:18');
INSERT OR IGNORE INTO questions (id, test_id, question_text, question_type, order_index, points, created_at) VALUES (40, 15, 'There are several times during a project that More Work should be raised with the client. Choose one who is not.', 'odd_one_out', 1, 1, '2025-10-31 10:13:43');
INSERT OR IGNORE INTO questions (id, test_id, question_text, question_type, order_index, points, created_at) VALUES (41, 15, 'Mark all the correct actions to do when a client becomes frustrated with early implementation results.', 'multiple_response', 1, 1, '2025-10-31 10:23:03');
INSERT OR IGNORE INTO questions (id, test_id, question_text, question_type, order_index, points, created_at) VALUES (42, 15, 'Label the four quadrants of the Johari Window with:', 'hotspot', 1, 1, '2025-10-31 13:14:12');
INSERT OR IGNORE INTO questions (id, test_id, question_text, question_type, order_index, points, created_at) VALUES (43, 15, 'Label each stage of Renoir’s Receivable Process Framework according to the chart shown on the slide.', 'hotspot', 1, 1, '2025-10-31 13:36:56');
INSERT OR IGNORE INTO questions (id, test_id, question_text, question_type, order_index, points, created_at) VALUES (44, 16, 'Which typical Ratio Delay ranges apply to these environments?', 'multiple_response', 1, 1, '2025-10-31 13:42:48');
INSERT OR IGNORE INTO questions (id, test_id, question_text, question_type, order_index, points, created_at) VALUES (45, 16, 'What is the Ratio Delay formula used in Renoir Ratio Delay studies?', 'multiple_choice', 1, 1, '2025-10-31 13:51:03');
INSERT OR IGNORE INTO questions (id, test_id, question_text, question_type, order_index, points, created_at) VALUES (46, 16, 'Match the DILO type with its definition.', 'matching', 1, 1, '2025-10-31 13:54:37');
INSERT OR IGNORE INTO questions (id, test_id, question_text, question_type, order_index, points, created_at) VALUES (47, 16, 'Match each Resource Analysis Type with its PRIMARY ADVANTAGE:', 'matching', 1, 1, '2025-10-31 13:58:45');
INSERT OR IGNORE INTO questions (id, test_id, question_text, question_type, order_index, points, created_at) VALUES (48, 16, 'Complete the Resource Analysis Goals statement:

"Almost all resource analysis methods are focused on ___ key things:

___ : usually efficiency (e.g., capacity utilization, productivity) and/or effectiveness

___ : ways to improve efficiency and/or effectiveness"', 'fill_blank', 1, 1, '2025-10-31 14:07:26');
INSERT OR IGNORE INTO questions (id, test_id, question_text, question_type, order_index, points, created_at) VALUES (49, 16, 'You should use a stopwatch visibly during Ratio Delay observations to ensure precise timing accuracy, similar to traditional time and motion studies.', 'true_false', 1, 1, '2025-10-31 14:18:35');
INSERT OR IGNORE INTO questions (id, test_id, question_text, question_type, order_index, points, created_at) VALUES (50, 16, 'Rank the following preparation steps in the correct CHRONOLOGICAL sequence for conducting a field observation:', 'ranking', 1, 1, '2025-10-31 14:32:09');
INSERT OR IGNORE INTO questions (id, test_id, question_text, question_type, order_index, points, created_at) VALUES (51, 16, 'Which of the following is not true in terms of how consultants should position their observations to the organization?', 'odd_one_out', 1, 1, '2025-10-31 14:33:55');
INSERT OR IGNORE INTO questions (id, test_id, question_text, question_type, order_index, points, created_at) VALUES (52, 16, 'Drag the labels into the correct process of activity analysis process.', 'hotspot', 1, 1, '2025-10-31 14:45:30');
INSERT OR IGNORE INTO questions (id, test_id, question_text, question_type, order_index, points, created_at) VALUES (53, 16, 'Your client operates a maintenance division in an oil and gas company. After conducting a Ratio Delay study, you obtain a 32% utilization reading. The maintenance director claims this is unacceptable and demands headcount reductions.', 'multiple_choice', 1, 1, '2025-10-31 14:48:31');
INSERT OR IGNORE INTO questions (id, test_id, question_text, question_type, order_index, points, created_at) VALUES (54, 17, 'According to the Process Classification Framework, which of the following is categorized as a Management Process Group rather than an Operating Process Group?', 'multiple_choice', 1, 1, '2025-11-01 05:41:17');
INSERT OR IGNORE INTO questions (id, test_id, question_text, question_type, order_index, points, created_at) VALUES (55, 17, 'Which of the following statements accurately describe the hierarchy of the Work Taxonomy as presented in the training?', 'multiple_response', 1, 1, '2025-11-01 05:44:25');
INSERT OR IGNORE INTO questions (id, test_id, question_text, question_type, order_index, points, created_at) VALUES (56, 17, 'The Process Mapping Approach explicitly states that "documentation is a substitute for observation," meaning that if you have comprehensive documented procedures, you do not need to observe the actual process on the shop floor.', 'true_false', 1, 1, '2025-11-01 05:45:36');
INSERT OR IGNORE INTO questions (id, test_id, question_text, question_type, order_index, points, created_at) VALUES (57, 17, 'Match each SIPOC Component with its corresponding DEFINITION and EXAMPLE:', 'matching', 1, 1, '2025-11-01 05:50:54');
INSERT OR IGNORE INTO questions (id, test_id, question_text, question_type, order_index, points, created_at) VALUES (58, 17, 'Complete the statement about Input and Output Data:
"Output data quantify the overall performance of a process and can be referred to as Y data, e.g., sales. Input data can be referred to as X data, and falls into one of 2 categories:
___ (Xi), e.g., number of sales calls
___ (Xp), e.g., order processing and delivery lead time"', 'fill_blank', 1, 1, '2025-11-01 05:58:18');
INSERT OR IGNORE INTO questions (id, test_id, question_text, question_type, order_index, points, created_at) VALUES (59, 17, 'Rank the 11 Major Steps of Process Mapping and Improvement in their correct CHRONOLOGICAL sequence:', 'ranking', 1, 1, '2025-11-01 06:03:33');
INSERT OR IGNORE INTO questions (id, test_id, question_text, question_type, order_index, points, created_at) VALUES (60, 17, 'Which of the following is the not true in terms of the standard flowchart symbols recommended by Renoir for process mapping?', 'odd_one_out', 1, 1, '2025-11-01 06:05:12');
INSERT OR IGNORE INTO questions (id, test_id, question_text, question_type, order_index, points, created_at) VALUES (61, 17, 'Which of the following practices are explicitly RECOMMENDED in the training when constructing and using a Brown Paper Process Map?', 'multiple_response', 1, 1, '2025-11-01 06:08:42');
INSERT OR IGNORE INTO questions (id, test_id, question_text, question_type, order_index, points, created_at) VALUES (62, 17, 'Drag and drop the most fit box regarding Critiquing Focus Areas.', 'hotspot', 1, 1, '2025-11-01 06:26:26');
INSERT OR IGNORE INTO questions (id, test_id, question_text, question_type, order_index, points, created_at) VALUES (63, 17, 'A supervisor is reviewing a business process where an employee manually extracts data from System A, reformats it in Excel, and then manually enters it into System B. According to the training''s Process Step Type and Value Addition framework, this activity would be classified as:', 'multiple_choice', 1, 1, '2025-11-01 06:28:26');
INSERT OR IGNORE INTO questions (id, test_id, question_text, question_type, order_index, points, created_at) VALUES (64, 18, 'A Process and a Management Control System are essentially the same thing, just described using different terminology and frameworks.', 'true_false', 1, 1, '2025-11-01 06:30:59');
INSERT OR IGNORE INTO questions (id, test_id, question_text, question_type, order_index, points, created_at) VALUES (65, 18, 'According to the training, which of the following BEST describes the fundamental principle behind the feedback loop in Control Theory?', 'multiple_choice', 1, 1, '2025-11-01 06:32:13');
INSERT OR IGNORE INTO questions (id, test_id, question_text, question_type, order_index, points, created_at) VALUES (66, 18, 'A Management Control System is: The various methods used to set the expectations for performance, describe the way things should be done, monitor how well things are being executed, measure results, ___, and ___.', 'fill_blank', 1, 1, '2025-11-01 06:32:14');
INSERT OR IGNORE INTO questions (id, test_id, question_text, question_type, order_index, points, created_at) VALUES (67, 18, 'Match each PDCA Control Cycle Level with its characteristic FREQUENCY and PRIMARY FOCUS:', 'matching', 1, 1, '2025-11-01 06:36:38');
INSERT OR IGNORE INTO questions (id, test_id, question_text, question_type, order_index, points, created_at) VALUES (68, 18, 'Short Interval Control (SIC) must check performance frequently enough to detect acceptable variance within the planning window.', 'true_false', 1, 1, '2025-11-01 06:46:35');
INSERT OR IGNORE INTO questions (id, test_id, question_text, question_type, order_index, points, created_at) VALUES (69, 18, 'What is the main purpose of On-the-Job Coaching as described in the training?', 'multiple_choice', 1, 1, '2025-11-01 06:50:00');
INSERT OR IGNORE INTO questions (id, test_id, question_text, question_type, order_index, points, created_at) VALUES (70, 18, 'Match the Report MCS Element with its primary purpose:', 'matching', 1, 1, '2025-11-01 06:53:31');
INSERT OR IGNORE INTO questions (id, test_id, question_text, question_type, order_index, points, created_at) VALUES (71, 18, 'Order the following steps in effective root cause analysis as recommended in the training:', 'ranking', 1, 1, '2025-11-01 06:56:25');
INSERT OR IGNORE INTO questions (id, test_id, question_text, question_type, order_index, points, created_at) VALUES (72, 18, 'Drag the label into the correct place regarding Management Control System.', 'hotspot', 1, 1, '2025-11-01 07:28:06');
INSERT OR IGNORE INTO questions (id, test_id, question_text, question_type, order_index, points, created_at) VALUES (73, 19, 'What are the two main components of Structure Design and Development as per the training?', 'multiple_choice', 1, 1, '2025-11-01 07:46:33');
INSERT OR IGNORE INTO questions (id, test_id, question_text, question_type, order_index, points, created_at) VALUES (74, 19, 'There are three main areas regarding design principles: 1) A verbal statement; 2) The ___ structure; 3) Five or six ___.', 'fill_blank', 1, 1, '2025-11-01 07:48:41');
INSERT OR IGNORE INTO questions (id, test_id, question_text, question_type, order_index, points, created_at) VALUES (75, 19, 'Match these types of divisional structures with their descriptions:', 'matching', 1, 1, '2025-11-01 07:50:54');
INSERT OR IGNORE INTO questions (id, test_id, question_text, question_type, order_index, points, created_at) VALUES (76, 19, 'A deployment process map (swim-lane flow chart) shows lateral links every time the process crosses between organization units.', 'true_false', 1, 1, '2025-11-01 07:59:36');
INSERT OR IGNORE INTO questions (id, test_id, question_text, question_type, order_index, points, created_at) VALUES (77, 19, 'Which of the following are common criteria used when brainstorming evaluation for organisation design principles?', 'multiple_response', 1, 1, '2025-11-01 08:02:29');
INSERT OR IGNORE INTO questions (id, test_id, question_text, question_type, order_index, points, created_at) VALUES (78, 19, 'Which one is not true in typical methods for setting up Check and Balance in organisations?', 'odd_one_out', 1, 1, '2025-11-01 08:05:48');
INSERT OR IGNORE INTO questions (id, test_id, question_text, question_type, order_index, points, created_at) VALUES (79, 19, 'An ideal Span of Control (SOC) for cognitive, specialised work is between 3 and 5.', 'true_false', 1, 1, '2025-11-01 08:06:19');
INSERT OR IGNORE INTO questions (id, test_id, question_text, question_type, order_index, points, created_at) VALUES (80, 19, 'Drag and drop the labels to the correct boxes regarding activity-based management.', 'hotspot', 1, 1, '2025-11-01 08:18:33');
INSERT OR IGNORE INTO questions (id, test_id, question_text, question_type, order_index, points, created_at) VALUES (81, 20, 'There are 4 broad cost types to understand: 1) ___ cost (related to increases/decreases in activities); 2) ___ cost (remain the same regardless of activity); 3) ___ (vary out of proportion to activity) cost; and 4) cost of ___.', 'fill_blank', 1, 1, '2025-11-03 02:35:03');
INSERT OR IGNORE INTO questions (id, test_id, question_text, question_type, order_index, points, created_at) VALUES (82, 20, 'Match each Variance Type with its Definition:', 'matching', 1, 1, '2025-11-03 02:43:19');
INSERT OR IGNORE INTO questions (id, test_id, question_text, question_type, order_index, points, created_at) VALUES (83, 20, 'Rank the following steps in the Base and Evaluation Process Map in correct sequence:', 'ranking', 1, 1, '2025-11-03 02:51:07');
INSERT OR IGNORE INTO questions (id, test_id, question_text, question_type, order_index, points, created_at) VALUES (84, 20, 'Which of the following are legitimate data screening checks that should be conducted on baseline data?', 'multiple_response', 1, 1, '2025-11-03 02:54:39');
INSERT OR IGNORE INTO questions (id, test_id, question_text, question_type, order_index, points, created_at) VALUES (85, 20, 'Which one is not true in terms of problems with variance analysis?', 'odd_one_out', 1, 1, '2025-11-03 02:57:41');
INSERT OR IGNORE INTO questions (id, test_id, question_text, question_type, order_index, points, created_at) VALUES (86, 20, 'Drag and drop the labels regarding the variance types into the correct boxes.', 'hotspot', 1, 1, '2025-11-03 03:03:14');
INSERT OR IGNORE INTO questions (id, test_id, question_text, question_type, order_index, points, created_at) VALUES (87, 20, 'When a client increases sales price, this always increases the Contribution Variance benefit from a project.', 'true_false', 1, 1, '2025-11-03 03:05:44');
INSERT OR IGNORE INTO questions (id, test_id, question_text, question_type, order_index, points, created_at) VALUES (88, 20, 'Match each Cost Type with its typical P&L location:', 'matching', 1, 1, '2025-11-03 03:07:09');
INSERT OR IGNORE INTO questions (id, test_id, question_text, question_type, order_index, points, created_at) VALUES (89, 20, 'Which of the following are components of Labour Overheads that increase the true cost of labour beyond just salary?', 'multiple_response', 1, 1, '2025-11-03 03:09:44');
INSERT OR IGNORE INTO questions (id, test_id, question_text, question_type, order_index, points, created_at) VALUES (90, 21, 'What are the THREE core steps in Business Intelligence (BI)?', 'multiple_choice', 1, 1, '2025-11-03 03:22:20');
INSERT OR IGNORE INTO questions (id, test_id, question_text, question_type, order_index, points, created_at) VALUES (91, 21, 'In an Infrastructure as a Service (IaaS) model, the ___ and ___ are managed by the company while the ___ is managed by the vendor.', 'fill_blank', 1, 1, '2025-11-03 03:31:16');
INSERT OR IGNORE INTO questions (id, test_id, question_text, question_type, order_index, points, created_at) VALUES (92, 21, 'Rank the following steps in a typical BI Transformation Implementation Journey in correct sequence:', 'ranking', 1, 1, '2025-11-03 03:36:04');
INSERT OR IGNORE INTO questions (id, test_id, question_text, question_type, order_index, points, created_at) VALUES (93, 21, 'According to "The Elephant in the Room" section, which of the following are components of proper Data Transformation that are often overlooked?', 'multiple_response', 1, 1, '2025-11-03 03:42:37');
INSERT OR IGNORE INTO questions (id, test_id, question_text, question_type, order_index, points, created_at) VALUES (94, 21, 'Drag the labels regarding an example of output KPIs where it fits.', 'hotspot', 1, 1, '2025-11-03 03:48:10');
INSERT OR IGNORE INTO questions (id, test_id, question_text, question_type, order_index, points, created_at) VALUES (95, 21, 'According to the training, Leading KPIs are reactive in nature while Lagging KPIs are proactive in nature.', 'true_false', 1, 1, '2025-11-03 03:48:51');
INSERT OR IGNORE INTO questions (id, test_id, question_text, question_type, order_index, points, created_at) VALUES (96, 21, 'According to the training, what is "The Elephant in the Room" in the global Business Intelligence industry?', 'multiple_choice', 1, 1, '2025-11-03 03:50:41');
INSERT OR IGNORE INTO questions (id, test_id, question_text, question_type, order_index, points, created_at) VALUES (97, 21, 'Which of the following are listed as BENEFITS of a Business Intelligence Transformation Journey?', 'multiple_response', 1, 1, '2025-11-03 03:54:51');
INSERT OR IGNORE INTO questions (id, test_id, question_text, question_type, order_index, points, created_at) VALUES (103, 12, 'Put in the correct label for each stage of Short Interval Control ', 'hotspot', 1, 1, '2025-11-16 18:17:41');

-- answer_options (154 rows)
INSERT OR IGNORE INTO answer_options (id, question_id, option_text, is_correct, order_index) VALUES (31, 4, 'Technical Excellence', 0, 1);
INSERT OR IGNORE INTO answer_options (id, question_id, option_text, is_correct, order_index) VALUES (32, 4, 'Strategic Advicve', 0, 2);
INSERT OR IGNORE INTO answer_options (id, question_id, option_text, is_correct, order_index) VALUES (33, 4, 'Operational Excellence', 1, 3);
INSERT OR IGNORE INTO answer_options (id, question_id, option_text, is_correct, order_index) VALUES (34, 6, 'Optimum Equipment Effectiveness', 0, 1);
INSERT OR IGNORE INTO answer_options (id, question_id, option_text, is_correct, order_index) VALUES (35, 6, 'Output Effectiveness Evaluation', 0, 2);
INSERT OR IGNORE INTO answer_options (id, question_id, option_text, is_correct, order_index) VALUES (36, 6, 'Operational Equipment Efficiency', 0, 3);
INSERT OR IGNORE INTO answer_options (id, question_id, option_text, is_correct, order_index) VALUES (37, 6, 'Overall Equipment Effectiveness', 1, 4);
INSERT OR IGNORE INTO answer_options (id, question_id, option_text, is_correct, order_index) VALUES (38, 6, 'Overly Elaborate Explanation', 0, 5);
INSERT OR IGNORE INTO answer_options (id, question_id, option_text, is_correct, order_index) VALUES (39, 8, 'True', 1, 1);
INSERT OR IGNORE INTO answer_options (id, question_id, option_text, is_correct, order_index) VALUES (40, 8, 'False', 0, 2);
INSERT OR IGNORE INTO answer_options (id, question_id, option_text, is_correct, order_index) VALUES (55, 19, 'True', 0, 1);
INSERT OR IGNORE INTO answer_options (id, question_id, option_text, is_correct, order_index) VALUES (56, 19, 'False', 1, 2);
INSERT OR IGNORE INTO answer_options (id, question_id, option_text, is_correct, order_index) VALUES (70, 27, 'True', 0, 1);
INSERT OR IGNORE INTO answer_options (id, question_id, option_text, is_correct, order_index) VALUES (71, 27, 'False', 1, 2);
INSERT OR IGNORE INTO answer_options (id, question_id, option_text, is_correct, order_index) VALUES (82, 41, 'Communicate progress transparently and show milestones ahead', 1, 1);
INSERT OR IGNORE INTO answer_options (id, question_id, option_text, is_correct, order_index) VALUES (83, 41, 'Re-set expectations to align with realistic timelines', 1, 2);
INSERT OR IGNORE INTO answer_options (id, question_id, option_text, is_correct, order_index) VALUES (84, 41, 'Promise immediate results to ease tension', 0, 3);
INSERT OR IGNORE INTO answer_options (id, question_id, option_text, is_correct, order_index) VALUES (85, 41, 'Avoid contact until results appear', 0, 4);
INSERT OR IGNORE INTO answer_options (id, question_id, option_text, is_correct, order_index) VALUES (90, 35, 'Be prepared, make sure there are no inconsistencies in your materials, and that the examples  and data you use are relevant.', 1, 1);
INSERT OR IGNORE INTO answer_options (id, question_id, option_text, is_correct, order_index) VALUES (91, 35, ' Having a clear intention - not knowing where you want to go with your discussion is a disaster.', 1, 2);
INSERT OR IGNORE INTO answer_options (id, question_id, option_text, is_correct, order_index) VALUES (92, 35, 'Show off your knowledge often to establish authority', 0, 3);
INSERT OR IGNORE INTO answer_options (id, question_id, option_text, is_correct, order_index) VALUES (93, 35, 'Be honest, and say “I don’t know” when appropriate', 1, 4);
INSERT OR IGNORE INTO answer_options (id, question_id, option_text, is_correct, order_index) VALUES (94, 35, 'Practice leads to competence, competence leads to confidence.', 1, 5);
INSERT OR IGNORE INTO answer_options (id, question_id, option_text, is_correct, order_index) VALUES (95, 38, 'Say what you’ll do, and do what you say', 1, 1);
INSERT OR IGNORE INTO answer_options (id, question_id, option_text, is_correct, order_index) VALUES (96, 38, 'Always pre-present to key stakeholders', 1, 2);
INSERT OR IGNORE INTO answer_options (id, question_id, option_text, is_correct, order_index) VALUES (97, 38, 'Avoid escalation and never admit fault', 0, 3);
INSERT OR IGNORE INTO answer_options (id, question_id, option_text, is_correct, order_index) VALUES (98, 38, 'Reconfirm events and solve problems quickly', 1, 4);
INSERT OR IGNORE INTO answer_options (id, question_id, option_text, is_correct, order_index) VALUES (99, 38, 'Use excuses when delays occur', 0, 5);
INSERT OR IGNORE INTO answer_options (id, question_id, option_text, is_correct, order_index) VALUES (104, 45, 'Count Not Working / Count Present', 0, 1);
INSERT OR IGNORE INTO answer_options (id, question_id, option_text, is_correct, order_index) VALUES (105, 45, 'Count Working / Total Count', 1, 2);
INSERT OR IGNORE INTO answer_options (id, question_id, option_text, is_correct, order_index) VALUES (106, 45, 'Productive Time / Available Time', 0, 3);
INSERT OR IGNORE INTO answer_options (id, question_id, option_text, is_correct, order_index) VALUES (107, 45, 'Total Output / Total Time', 0, 4);
INSERT OR IGNORE INTO answer_options (id, question_id, option_text, is_correct, order_index) VALUES (108, 44, 'Sweat-shop environments: >75%', 1, 1);
INSERT OR IGNORE INTO answer_options (id, question_id, option_text, is_correct, order_index) VALUES (109, 44, 'Manufacturing: 45%-75%', 1, 2);
INSERT OR IGNORE INTO answer_options (id, question_id, option_text, is_correct, order_index) VALUES (110, 44, 'Service: 35%-65%', 1, 3);
INSERT OR IGNORE INTO answer_options (id, question_id, option_text, is_correct, order_index) VALUES (111, 44, 'Maintenance / Construction / O&G: 15%–40%', 1, 4);
INSERT OR IGNORE INTO answer_options (id, question_id, option_text, is_correct, order_index) VALUES (112, 49, 'True', 0, 1);
INSERT OR IGNORE INTO answer_options (id, question_id, option_text, is_correct, order_index) VALUES (113, 49, 'False', 1, 2);
INSERT OR IGNORE INTO answer_options (id, question_id, option_text, is_correct, order_index) VALUES (114, 53, 'Recommend immediate 30% headcount reduction to match the 32% reading', 0, 1);
INSERT OR IGNORE INTO answer_options (id, question_id, option_text, is_correct, order_index) VALUES (115, 53, 'Explain that 32% falls within the typical 15%-40% range for maintenance/construction/oil & gas, but conduct a Wrench Time study to identify which delays are impactable', 1, 2);
INSERT OR IGNORE INTO answer_options (id, question_id, option_text, is_correct, order_index) VALUES (116, 53, 'Suggest switching to OEE measurement to get a higher-looking number', 0, 3);
INSERT OR IGNORE INTO answer_options (id, question_id, option_text, is_correct, order_index) VALUES (117, 53, 'Acknowledge the poor performance and recommend process outsourcing', 0, 4);
INSERT OR IGNORE INTO answer_options (id, question_id, option_text, is_correct, order_index) VALUES (118, 54, 'Produce and deliver products and services', 0, 1);
INSERT OR IGNORE INTO answer_options (id, question_id, option_text, is_correct, order_index) VALUES (119, 54, 'Manage improvement and change', 1, 2);
INSERT OR IGNORE INTO answer_options (id, question_id, option_text, is_correct, order_index) VALUES (120, 54, 'Market and sell', 0, 3);
INSERT OR IGNORE INTO answer_options (id, question_id, option_text, is_correct, order_index) VALUES (121, 54, 'Invoice and service customers', 0, 4);
INSERT OR IGNORE INTO answer_options (id, question_id, option_text, is_correct, order_index) VALUES (122, 55, 'A Process Group can contain multiple Functions', 0, 1);
INSERT OR IGNORE INTO answer_options (id, question_id, option_text, is_correct, order_index) VALUES (123, 55, 'A Function (e.g., Sales) can contain multiple Process Groups (e.g., Delivery)', 1, 2);
INSERT OR IGNORE INTO answer_options (id, question_id, option_text, is_correct, order_index) VALUES (124, 55, 'A Process can be broken down into Activities/Tasks', 1, 3);
INSERT OR IGNORE INTO answer_options (id, question_id, option_text, is_correct, order_index) VALUES (125, 55, 'Activities are the lowest level of granularity possible in the Work Taxonomy', 0, 4);
INSERT OR IGNORE INTO answer_options (id, question_id, option_text, is_correct, order_index) VALUES (126, 56, 'True', 0, 1);
INSERT OR IGNORE INTO answer_options (id, question_id, option_text, is_correct, order_index) VALUES (127, 56, 'False', 1, 2);
INSERT OR IGNORE INTO answer_options (id, question_id, option_text, is_correct, order_index) VALUES (128, 61, 'Use actual life-sized copies of documents and computer interface screenshots pasted directly on the brown paper', 1, 1);
INSERT OR IGNORE INTO answer_options (id, question_id, option_text, is_correct, order_index) VALUES (129, 61, 'Always include every page of multi-page documents to maintain complete documentation', 0, 2);
INSERT OR IGNORE INTO answer_options (id, question_id, option_text, is_correct, order_index) VALUES (130, 61, 'Write document names in large letters using marker pen for readability during presentations', 1, 3);
INSERT OR IGNORE INTO answer_options (id, question_id, option_text, is_correct, order_index) VALUES (131, 61, ' Use PostIt Notes for critiques so they can be grouped by affinity later', 1, 4);
INSERT OR IGNORE INTO answer_options (id, question_id, option_text, is_correct, order_index) VALUES (132, 61, 'Verify that documents are "live" (current/recently used) and have history, not magically produced after your arrival', 1, 5);
INSERT OR IGNORE INTO answer_options (id, question_id, option_text, is_correct, order_index) VALUES (133, 61, 'Use a single sheet of brown paper to keep the presentation compact and professional', 0, 6);
INSERT OR IGNORE INTO answer_options (id, question_id, option_text, is_correct, order_index) VALUES (134, 63, 'Value Adding (VA); because it produces a necessary output', 0, 1);
INSERT OR IGNORE INTO answer_options (id, question_id, option_text, is_correct, order_index) VALUES (135, 63, 'Partially Value Adding (PVA); because some portions add value', 0, 2);
INSERT OR IGNORE INTO answer_options (id, question_id, option_text, is_correct, order_index) VALUES (136, 63, 'Non-Value Adding (NVA); specifically, duplication of data (Operation type)', 1, 3);
INSERT OR IGNORE INTO answer_options (id, question_id, option_text, is_correct, order_index) VALUES (137, 63, 'Non-Value Adding (NVA); specifically, multiple manual manipulations (Movement type)', 0, 4);
INSERT OR IGNORE INTO answer_options (id, question_id, option_text, is_correct, order_index) VALUES (138, 64, 'True', 0, 1);
INSERT OR IGNORE INTO answer_options (id, question_id, option_text, is_correct, order_index) VALUES (139, 64, 'False', 1, 2);
INSERT OR IGNORE INTO answer_options (id, question_id, option_text, is_correct, order_index) VALUES (140, 65, 'Feedback loops are used to measure how happy employees are with their work', 0, 1);
INSERT OR IGNORE INTO answer_options (id, question_id, option_text, is_correct, order_index) VALUES (141, 65, 'If you are unhappy with system outputs, you need feedback on performance to adjust inputs until you are happy with outputs', 1, 2);
INSERT OR IGNORE INTO answer_options (id, question_id, option_text, is_correct, order_index) VALUES (142, 65, 'Feedback loops are primarily used to communicate bad news to senior management', 0, 3);
INSERT OR IGNORE INTO answer_options (id, question_id, option_text, is_correct, order_index) VALUES (143, 65, 'Feedback loops eliminate the need for planning because real-time adjustments make plans obsolete', 0, 4);
INSERT OR IGNORE INTO answer_options (id, question_id, option_text, is_correct, order_index) VALUES (148, 68, 'True', 1, 1);
INSERT OR IGNORE INTO answer_options (id, question_id, option_text, is_correct, order_index) VALUES (149, 68, 'False', 0, 2);
INSERT OR IGNORE INTO answer_options (id, question_id, option_text, is_correct, order_index) VALUES (150, 69, 'Classroom theory training only', 0, 1);
INSERT OR IGNORE INTO answer_options (id, question_id, option_text, is_correct, order_index) VALUES (151, 69, 'Direct interventions in the workplace showing how to do the job properly', 1, 2);
INSERT OR IGNORE INTO answer_options (id, question_id, option_text, is_correct, order_index) VALUES (152, 69, 'Annual performance reviews only', 0, 3);
INSERT OR IGNORE INTO answer_options (id, question_id, option_text, is_correct, order_index) VALUES (153, 69, 'Assigning disciplinary actions to poor performers', 0, 4);
INSERT OR IGNORE INTO answer_options (id, question_id, option_text, is_correct, order_index) VALUES (154, 73, 'Organisation Development and Process Mapping', 0, 1);
INSERT OR IGNORE INTO answer_options (id, question_id, option_text, is_correct, order_index) VALUES (155, 73, 'Organisation Design (Procedural) and Organisation Development (Behavioural)', 1, 2);
INSERT OR IGNORE INTO answer_options (id, question_id, option_text, is_correct, order_index) VALUES (156, 73, 'Job Design and Centralisation', 0, 3);
INSERT OR IGNORE INTO answer_options (id, question_id, option_text, is_correct, order_index) VALUES (157, 73, 'Policy Deployment and Talent Management', 0, 4);
INSERT OR IGNORE INTO answer_options (id, question_id, option_text, is_correct, order_index) VALUES (158, 76, 'True', 1, 1);
INSERT OR IGNORE INTO answer_options (id, question_id, option_text, is_correct, order_index) VALUES (159, 76, 'False', 0, 2);
INSERT OR IGNORE INTO answer_options (id, question_id, option_text, is_correct, order_index) VALUES (160, 77, 'Improve customer satisfaction', 1, 1);
INSERT OR IGNORE INTO answer_options (id, question_id, option_text, is_correct, order_index) VALUES (161, 77, 'Increase bureaucracy', 0, 2);
INSERT OR IGNORE INTO answer_options (id, question_id, option_text, is_correct, order_index) VALUES (162, 77, 'Reduce hierarchical layers', 1, 3);
INSERT OR IGNORE INTO answer_options (id, question_id, option_text, is_correct, order_index) VALUES (163, 77, 'Increase span of control', 1, 4);
INSERT OR IGNORE INTO answer_options (id, question_id, option_text, is_correct, order_index) VALUES (164, 77, 'Low risk of adverse side effects', 1, 5);
INSERT OR IGNORE INTO answer_options (id, question_id, option_text, is_correct, order_index) VALUES (165, 79, 'True', 1, 1);
INSERT OR IGNORE INTO answer_options (id, question_id, option_text, is_correct, order_index) VALUES (166, 79, 'False', 0, 2);
INSERT OR IGNORE INTO answer_options (id, question_id, option_text, is_correct, order_index) VALUES (167, 84, 'Check source and verify accuracy of data', 1, 1);
INSERT OR IGNORE INTO answer_options (id, question_id, option_text, is_correct, order_index) VALUES (168, 84, 'Aim for at least 30 measurements in any sample', 1, 2);
INSERT OR IGNORE INTO answer_options (id, question_id, option_text, is_correct, order_index) VALUES (169, 84, 'Identify and investigate outliers (>1.5 times IQR from quartiles)', 1, 3);
INSERT OR IGNORE INTO answer_options (id, question_id, option_text, is_correct, order_index) VALUES (170, 84, 'Accept all data regardless of inconsistencies', 0, 4);
INSERT OR IGNORE INTO answer_options (id, question_id, option_text, is_correct, order_index) VALUES (171, 84, 'Use Excel Descriptive Statistics to check for normality', 1, 5);
INSERT OR IGNORE INTO answer_options (id, question_id, option_text, is_correct, order_index) VALUES (172, 84, 'Always remove any data that doesn''t fit your hypothesis', 0, 6);
INSERT OR IGNORE INTO answer_options (id, question_id, option_text, is_correct, order_index) VALUES (173, 87, 'True', 0, 1);
INSERT OR IGNORE INTO answer_options (id, question_id, option_text, is_correct, order_index) VALUES (174, 87, 'False', 1, 2);
INSERT OR IGNORE INTO answer_options (id, question_id, option_text, is_correct, order_index) VALUES (175, 89, 'Direct payroll', 1, 1);
INSERT OR IGNORE INTO answer_options (id, question_id, option_text, is_correct, order_index) VALUES (176, 89, 'National insurance/government tax paid by employer', 1, 2);
INSERT OR IGNORE INTO answer_options (id, question_id, option_text, is_correct, order_index) VALUES (177, 89, 'Recruitment', 1, 3);
INSERT OR IGNORE INTO answer_options (id, question_id, option_text, is_correct, order_index) VALUES (178, 89, 'Office building rent', 0, 4);
INSERT OR IGNORE INTO answer_options (id, question_id, option_text, is_correct, order_index) VALUES (179, 89, 'Training', 1, 5);
INSERT OR IGNORE INTO answer_options (id, question_id, option_text, is_correct, order_index) VALUES (180, 89, 'Paid sick leave', 1, 6);
INSERT OR IGNORE INTO answer_options (id, question_id, option_text, is_correct, order_index) VALUES (181, 90, 'Extracting, Transforming, Loading (ETL)', 1, 1);
INSERT OR IGNORE INTO answer_options (id, question_id, option_text, is_correct, order_index) VALUES (182, 90, 'Sourcing, Organizing, Reporting', 0, 2);
INSERT OR IGNORE INTO answer_options (id, question_id, option_text, is_correct, order_index) VALUES (183, 90, 'Collecting, Cleaning, Visualizing', 0, 3);
INSERT OR IGNORE INTO answer_options (id, question_id, option_text, is_correct, order_index) VALUES (184, 90, 'Planning, Implementing, Monitoring', 0, 4);
INSERT OR IGNORE INTO answer_options (id, question_id, option_text, is_correct, order_index) VALUES (185, 93, 'Fixing null (missing) values', 0, 1);
INSERT OR IGNORE INTO answer_options (id, question_id, option_text, is_correct, order_index) VALUES (186, 93, 'Using raw data, not pre-existing reports', 1, 2);
INSERT OR IGNORE INTO answer_options (id, question_id, option_text, is_correct, order_index) VALUES (187, 93, 'Ensuring measurement methods are repeatable and reproducible', 1, 3);
INSERT OR IGNORE INTO answer_options (id, question_id, option_text, is_correct, order_index) VALUES (188, 93, 'Accepting all data regardless of inconsistencies', 0, 4);
INSERT OR IGNORE INTO answer_options (id, question_id, option_text, is_correct, order_index) VALUES (189, 93, 'Identifying and investigating outliers', 1, 5);
INSERT OR IGNORE INTO answer_options (id, question_id, option_text, is_correct, order_index) VALUES (190, 93, 'Using descriptive statistics to test for normality', 1, 6);
INSERT OR IGNORE INTO answer_options (id, question_id, option_text, is_correct, order_index) VALUES (191, 95, 'True', 0, 1);
INSERT OR IGNORE INTO answer_options (id, question_id, option_text, is_correct, order_index) VALUES (192, 95, 'False', 1, 2);
INSERT OR IGNORE INTO answer_options (id, question_id, option_text, is_correct, order_index) VALUES (193, 96, 'The lack of affordable BI tools', 0, 1);
INSERT OR IGNORE INTO answer_options (id, question_id, option_text, is_correct, order_index) VALUES (194, 96, 'The data that is NOT measured', 1, 2);
INSERT OR IGNORE INTO answer_options (id, question_id, option_text, is_correct, order_index) VALUES (195, 96, 'Poor data visualization techniques', 0, 3);
INSERT OR IGNORE INTO answer_options (id, question_id, option_text, is_correct, order_index) VALUES (196, 96, 'Insufficient IT infrastructure', 0, 4);
INSERT OR IGNORE INTO answer_options (id, question_id, option_text, is_correct, order_index) VALUES (197, 97, 'Speeds up report and chart preparation', 1, 1);
INSERT OR IGNORE INTO answer_options (id, question_id, option_text, is_correct, order_index) VALUES (198, 97, 'Builds a common data language', 1, 2);
INSERT OR IGNORE INTO answer_options (id, question_id, option_text, is_correct, order_index) VALUES (199, 97, 'Centralises data from disparate silos/systems to a single digital platform', 1, 3);
INSERT OR IGNORE INTO answer_options (id, question_id, option_text, is_correct, order_index) VALUES (200, 97, 'Eliminates all need for data governance', 0, 4);
INSERT OR IGNORE INTO answer_options (id, question_id, option_text, is_correct, order_index) VALUES (201, 97, 'Highlights current inefficiencies in business and data processes', 1, 5);
INSERT OR IGNORE INTO answer_options (id, question_id, option_text, is_correct, order_index) VALUES (202, 97, 'Establishes data foundations for more powerful BI', 1, 6);
INSERT OR IGNORE INTO answer_options (id, question_id, option_text, is_correct, order_index) VALUES (233, 13, 'Agreement to Proceed', 1, 1);
INSERT OR IGNORE INTO answer_options (id, question_id, option_text, is_correct, order_index) VALUES (234, 13, 'Reference letters', 0, 2);
INSERT OR IGNORE INTO answer_options (id, question_id, option_text, is_correct, order_index) VALUES (235, 13, 'PM Reports', 1, 3);
INSERT OR IGNORE INTO answer_options (id, question_id, option_text, is_correct, order_index) VALUES (236, 13, 'Close out reports', 0, 4);
INSERT OR IGNORE INTO answer_options (id, question_id, option_text, is_correct, order_index) VALUES (237, 13, 'Consultant Training', 1, 5);
INSERT OR IGNORE INTO answer_options (id, question_id, option_text, is_correct, order_index) VALUES (238, 13, 'Steps to Milestone document', 0, 6);
INSERT OR IGNORE INTO answer_options (id, question_id, option_text, is_correct, order_index) VALUES (239, 13, 'More work scope', 1, 7);
INSERT OR IGNORE INTO answer_options (id, question_id, option_text, is_correct, order_index) VALUES (240, 13, 'Client change requests', 1, 8);
INSERT OR IGNORE INTO answer_options (id, question_id, option_text, is_correct, order_index) VALUES (241, 13, 'Strategic Integration Meeting Map', 0, 9);
INSERT OR IGNORE INTO answer_options (id, question_id, option_text, is_correct, order_index) VALUES (256, 26, 'True', 0, 1);
INSERT OR IGNORE INTO answer_options (id, question_id, option_text, is_correct, order_index) VALUES (257, 26, 'False', 1, 2);
INSERT OR IGNORE INTO answer_options (id, question_id, option_text, is_correct, order_index) VALUES (262, 24, 'Designing new strategy frameworks', 0, 1);
INSERT OR IGNORE INTO answer_options (id, question_id, option_text, is_correct, order_index) VALUES (263, 24, 'Better financial ratios', 0, 2);
INSERT OR IGNORE INTO answer_options (id, question_id, option_text, is_correct, order_index) VALUES (264, 24, 'People behaving differently', 1, 3);
INSERT OR IGNORE INTO answer_options (id, question_id, option_text, is_correct, order_index) VALUES (265, 24, 'Improved control systems', 0, 4);
INSERT OR IGNORE INTO answer_options (id, question_id, option_text, is_correct, order_index) VALUES (278, 25, 'Strategy', 0, 1);
INSERT OR IGNORE INTO answer_options (id, question_id, option_text, is_correct, order_index) VALUES (279, 25, 'Structure', 0, 2);
INSERT OR IGNORE INTO answer_options (id, question_id, option_text, is_correct, order_index) VALUES (280, 25, 'Shared Values', 1, 3);
INSERT OR IGNORE INTO answer_options (id, question_id, option_text, is_correct, order_index) VALUES (281, 25, 'Skills', 1, 4);
INSERT OR IGNORE INTO answer_options (id, question_id, option_text, is_correct, order_index) VALUES (282, 25, 'Systems', 0, 5);
INSERT OR IGNORE INTO answer_options (id, question_id, option_text, is_correct, order_index) VALUES (283, 25, 'Staff', 1, 6);
INSERT OR IGNORE INTO answer_options (id, question_id, option_text, is_correct, order_index) VALUES (284, 25, 'Style', 1, 7);
INSERT OR IGNORE INTO answer_options (id, question_id, option_text, is_correct, order_index) VALUES (290, 10, 'Client Management', 1, 1);
INSERT OR IGNORE INTO answer_options (id, question_id, option_text, is_correct, order_index) VALUES (291, 10, 'People Management', 0, 2);
INSERT OR IGNORE INTO answer_options (id, question_id, option_text, is_correct, order_index) VALUES (292, 10, 'Change Management', 1, 3);
INSERT OR IGNORE INTO answer_options (id, question_id, option_text, is_correct, order_index) VALUES (293, 10, 'Sales Management', 0, 4);
INSERT OR IGNORE INTO answer_options (id, question_id, option_text, is_correct, order_index) VALUES (294, 10, 'Project Management', 1, 5);
INSERT OR IGNORE INTO answer_options (id, question_id, option_text, is_correct, order_index) VALUES (299, 34, '(Credibility + Reliability + Intimacy) ÷ Self-Orientation', 1, 1);
INSERT OR IGNORE INTO answer_options (id, question_id, option_text, is_correct, order_index) VALUES (300, 34, '(Credibility + Intimacy) × Reliability × Self-Orientation', 0, 2);
INSERT OR IGNORE INTO answer_options (id, question_id, option_text, is_correct, order_index) VALUES (301, 34, '(Credibility × Reliability × Intimacy) ÷ Self-Orientation', 0, 3);
INSERT OR IGNORE INTO answer_options (id, question_id, option_text, is_correct, order_index) VALUES (302, 34, '(Credibility × Intimacy) ÷ Reliability × Self-Orientation', 0, 4);

-- boss_level_tasks (6 rows)
INSERT OR IGNORE INTO boss_level_tasks (id, level_id, task_description, order_index, created_at) VALUES (4, 19, 'Has the consultant developed an MCS brown paper with the client (with limited PM / Analyst support)?', 1, '2025-10-31 02:40:27');
INSERT OR IGNORE INTO boss_level_tasks (id, level_id, task_description, order_index, created_at) VALUES (5, 19, 'Has the consultant successfully run a client session to critique the MCS brown paper', 2, '2025-10-31 02:41:11');
INSERT OR IGNORE INTO boss_level_tasks (id, level_id, task_description, order_index, created_at) VALUES (6, 19, 'Has the consultant developed a comprehensive opportunities log, based on the findings of the MCS?', 3, '2025-10-31 02:42:11');
INSERT OR IGNORE INTO boss_level_tasks (id, level_id, task_description, order_index, created_at) VALUES (7, 4, 'Can the consultant articulate the Renoir process, including the major stages and stage gates?', 1, '2025-10-31 02:43:46');
INSERT OR IGNORE INTO boss_level_tasks (id, level_id, task_description, order_index, created_at) VALUES (8, 4, 'Has the consultant been able to put together a MAT charter for their area?', 2, '2025-10-31 02:44:39');
INSERT OR IGNORE INTO boss_level_tasks (id, level_id, task_description, order_index, created_at) VALUES (10, 7, 'Review Tests & Questions', 1, '2025-11-03 09:36:31');

-- user_streaks (6 rows)
INSERT OR IGNORE INTO user_streaks (id, user_id, current_login_streak, longest_login_streak, current_test_streak, longest_test_streak, current_practice_streak, longest_practice_streak, last_login_date, last_test_date, last_practice_date, total_points) VALUES (1, 3, 1, 5, 1, 1, 0, 0, '2026-01-15', '2025-11-12', NULL, 65);
INSERT OR IGNORE INTO user_streaks (id, user_id, current_login_streak, longest_login_streak, current_test_streak, longest_test_streak, current_practice_streak, longest_practice_streak, last_login_date, last_test_date, last_practice_date, total_points) VALUES (2, 4, 0, 0, 0, 0, 0, 0, NULL, NULL, NULL, 0);
INSERT OR IGNORE INTO user_streaks (id, user_id, current_login_streak, longest_login_streak, current_test_streak, longest_test_streak, current_practice_streak, longest_practice_streak, last_login_date, last_test_date, last_practice_date, total_points) VALUES (3, 1, 2, 6, 0, 0, 0, 0, '2026-01-16', NULL, NULL, 0);
INSERT OR IGNORE INTO user_streaks (id, user_id, current_login_streak, longest_login_streak, current_test_streak, longest_test_streak, current_practice_streak, longest_practice_streak, last_login_date, last_test_date, last_practice_date, total_points) VALUES (4, 2, 1, 4, 0, 0, 0, 0, '2025-12-10', NULL, NULL, 0);
INSERT OR IGNORE INTO user_streaks (id, user_id, current_login_streak, longest_login_streak, current_test_streak, longest_test_streak, current_practice_streak, longest_practice_streak, last_login_date, last_test_date, last_practice_date, total_points) VALUES (8, 8, 1, 2, 1, 1, 0, 0, '2025-12-08', '2025-10-31', NULL, 45);
INSERT OR IGNORE INTO user_streaks (id, user_id, current_login_streak, longest_login_streak, current_test_streak, longest_test_streak, current_practice_streak, longest_practice_streak, last_login_date, last_test_date, last_practice_date, total_points) VALUES (11, 11, 1, 1, 1, 1, 0, 0, '2025-11-10', '2025-11-10', NULL, 45);

-- leaderboard (4 rows)
INSERT OR IGNORE INTO leaderboard (id, user_id, rungs_completed, days_used, total_points, rank, league, updated_at) VALUES (1, 3, 2, 0, 65, 2, 'bronze', '2025-11-12 05:51:27');
INSERT OR IGNORE INTO leaderboard (id, user_id, rungs_completed, days_used, total_points, rank, league, updated_at) VALUES (2, 4, 0, 0, 0, 3, 'bronze', '2025-10-28 09:04:47');
INSERT OR IGNORE INTO leaderboard (id, user_id, rungs_completed, days_used, total_points, rank, league, updated_at) VALUES (6, 8, 1, 0, 45, 1, 'bronze', '2025-10-31 07:54:40');
INSERT OR IGNORE INTO leaderboard (id, user_id, rungs_completed, days_used, total_points, rank, league, updated_at) VALUES (9, 11, 1, 0, 10, NULL, 'bronze', '2025-11-10 02:25:40');

-- activity_log (147 rows)
INSERT OR IGNORE INTO activity_log (id, user_id, activity_type, activity_date, created_at) VALUES (1, 1, 'login', '2025-10-28', '2025-10-28 09:04:54');
INSERT OR IGNORE INTO activity_log (id, user_id, activity_type, activity_date, created_at) VALUES (2, 2, 'login', '2025-10-28', '2025-10-28 09:05:39');
INSERT OR IGNORE INTO activity_log (id, user_id, activity_type, activity_date, created_at) VALUES (3, 3, 'login', '2025-10-28', '2025-10-28 09:05:40');
INSERT OR IGNORE INTO activity_log (id, user_id, activity_type, activity_date, created_at) VALUES (4, 3, 'login', '2025-10-29', '2025-10-29 00:37:30');
INSERT OR IGNORE INTO activity_log (id, user_id, activity_type, activity_date, created_at) VALUES (5, 3, 'test_attempt', '2025-10-29', '2025-10-29 00:38:29');
INSERT OR IGNORE INTO activity_log (id, user_id, activity_type, activity_date, created_at) VALUES (6, 3, 'level_complete', '2025-10-29', '2025-10-29 00:38:32');
INSERT OR IGNORE INTO activity_log (id, user_id, activity_type, activity_date, created_at) VALUES (7, 3, 'test_attempt', '2025-10-29', '2025-10-29 00:38:42');
INSERT OR IGNORE INTO activity_log (id, user_id, activity_type, activity_date, created_at) VALUES (8, 3, 'level_complete', '2025-10-29', '2025-10-29 00:38:44');
INSERT OR IGNORE INTO activity_log (id, user_id, activity_type, activity_date, created_at) VALUES (9, 2, 'login', '2025-10-29', '2025-10-29 00:45:14');
INSERT OR IGNORE INTO activity_log (id, user_id, activity_type, activity_date, created_at) VALUES (10, 1, 'login', '2025-10-29', '2025-10-29 03:41:34');
INSERT OR IGNORE INTO activity_log (id, user_id, activity_type, activity_date, created_at) VALUES (11, 3, 'test_attempt', '2025-10-29', '2025-10-29 06:06:33');
INSERT OR IGNORE INTO activity_log (id, user_id, activity_type, activity_date, created_at) VALUES (12, 3, 'level_complete', '2025-10-29', '2025-10-29 06:06:35');
INSERT OR IGNORE INTO activity_log (id, user_id, activity_type, activity_date, created_at) VALUES (13, 3, 'test_attempt', '2025-10-29', '2025-10-29 06:06:42');
INSERT OR IGNORE INTO activity_log (id, user_id, activity_type, activity_date, created_at) VALUES (14, 3, 'level_complete', '2025-10-29', '2025-10-29 06:06:44');
INSERT OR IGNORE INTO activity_log (id, user_id, activity_type, activity_date, created_at) VALUES (15, 1, 'login', '2025-10-30', '2025-10-30 05:46:34');
INSERT OR IGNORE INTO activity_log (id, user_id, activity_type, activity_date, created_at) VALUES (16, 2, 'login', '2025-10-30', '2025-10-30 05:52:38');
INSERT OR IGNORE INTO activity_log (id, user_id, activity_type, activity_date, created_at) VALUES (17, 3, 'login', '2025-10-30', '2025-10-30 05:53:02');
INSERT OR IGNORE INTO activity_log (id, user_id, activity_type, activity_date, created_at) VALUES (18, 1, 'login', '2025-10-31', '2025-10-31 00:29:41');
INSERT OR IGNORE INTO activity_log (id, user_id, activity_type, activity_date, created_at) VALUES (19, 3, 'login', '2025-10-31', '2025-10-31 00:50:29');
INSERT OR IGNORE INTO activity_log (id, user_id, activity_type, activity_date, created_at) VALUES (20, 2, 'login', '2025-10-31', '2025-10-31 02:51:07');
INSERT OR IGNORE INTO activity_log (id, user_id, activity_type, activity_date, created_at) VALUES (21, 8, 'login', '2025-10-31', '2025-10-31 06:06:14');
INSERT OR IGNORE INTO activity_log (id, user_id, activity_type, activity_date, created_at) VALUES (22, 8, 'test_attempt', '2025-10-31', '2025-10-31 06:16:25');
INSERT OR IGNORE INTO activity_log (id, user_id, activity_type, activity_date, created_at) VALUES (23, 8, 'test_attempt', '2025-10-31', '2025-10-31 06:17:27');
INSERT OR IGNORE INTO activity_log (id, user_id, activity_type, activity_date, created_at) VALUES (24, 8, 'level_complete', '2025-10-31', '2025-10-31 06:17:29');
INSERT OR IGNORE INTO activity_log (id, user_id, activity_type, activity_date, created_at) VALUES (25, 8, 'test_attempt', '2025-10-31', '2025-10-31 06:17:37');
INSERT OR IGNORE INTO activity_log (id, user_id, activity_type, activity_date, created_at) VALUES (26, 8, 'level_complete', '2025-10-31', '2025-10-31 06:17:39');
INSERT OR IGNORE INTO activity_log (id, user_id, activity_type, activity_date, created_at) VALUES (27, 8, 'test_attempt', '2025-10-31', '2025-10-31 06:25:35');
INSERT OR IGNORE INTO activity_log (id, user_id, activity_type, activity_date, created_at) VALUES (28, 8, 'test_attempt', '2025-10-31', '2025-10-31 07:54:30');
INSERT OR IGNORE INTO activity_log (id, user_id, activity_type, activity_date, created_at) VALUES (29, 8, 'level_complete', '2025-10-31', '2025-10-31 07:54:32');
INSERT OR IGNORE INTO activity_log (id, user_id, activity_type, activity_date, created_at) VALUES (30, 8, 'test_attempt', '2025-10-31', '2025-10-31 07:54:37');
INSERT OR IGNORE INTO activity_log (id, user_id, activity_type, activity_date, created_at) VALUES (31, 8, 'level_complete', '2025-10-31', '2025-10-31 07:54:39');
INSERT OR IGNORE INTO activity_log (id, user_id, activity_type, activity_date, created_at) VALUES (32, 8, 'test_attempt', '2025-10-31', '2025-10-31 07:55:03');
INSERT OR IGNORE INTO activity_log (id, user_id, activity_type, activity_date, created_at) VALUES (33, 1, 'login', '2025-11-03', '2025-11-03 03:33:23');
INSERT OR IGNORE INTO activity_log (id, user_id, activity_type, activity_date, created_at) VALUES (34, 2, 'login', '2025-11-03', '2025-11-03 05:17:39');
INSERT OR IGNORE INTO activity_log (id, user_id, activity_type, activity_date, created_at) VALUES (35, 8, 'login', '2025-11-03', '2025-11-03 05:21:05');
INSERT OR IGNORE INTO activity_log (id, user_id, activity_type, activity_date, created_at) VALUES (36, 3, 'login', '2025-11-03', '2025-11-03 05:32:07');
INSERT OR IGNORE INTO activity_log (id, user_id, activity_type, activity_date, created_at) VALUES (37, 8, 'test_attempt', '2025-11-03', '2025-11-03 05:40:40');
INSERT OR IGNORE INTO activity_log (id, user_id, activity_type, activity_date, created_at) VALUES (38, 3, 'test_attempt', '2025-11-03', '2025-11-03 06:07:41');
INSERT OR IGNORE INTO activity_log (id, user_id, activity_type, activity_date, created_at) VALUES (39, 3, 'test_attempt', '2025-11-03', '2025-11-03 08:19:58');
INSERT OR IGNORE INTO activity_log (id, user_id, activity_type, activity_date, created_at) VALUES (40, 3, 'test_attempt', '2025-11-03', '2025-11-03 08:57:46');
INSERT OR IGNORE INTO activity_log (id, user_id, activity_type, activity_date, created_at) VALUES (41, 3, 'test_attempt', '2025-11-03', '2025-11-03 08:57:48');
INSERT OR IGNORE INTO activity_log (id, user_id, activity_type, activity_date, created_at) VALUES (42, 3, 'test_attempt', '2025-11-03', '2025-11-03 09:02:07');
INSERT OR IGNORE INTO activity_log (id, user_id, activity_type, activity_date, created_at) VALUES (43, 3, 'test_attempt', '2025-11-03', '2025-11-03 09:07:43');
INSERT OR IGNORE INTO activity_log (id, user_id, activity_type, activity_date, created_at) VALUES (44, 3, 'test_attempt', '2025-11-03', '2025-11-03 09:08:58');
INSERT OR IGNORE INTO activity_log (id, user_id, activity_type, activity_date, created_at) VALUES (45, 3, 'test_attempt', '2025-11-03', '2025-11-03 09:32:07');
INSERT OR IGNORE INTO activity_log (id, user_id, activity_type, activity_date, created_at) VALUES (46, 1, 'login', '2025-11-04', '2025-11-04 00:46:11');
INSERT OR IGNORE INTO activity_log (id, user_id, activity_type, activity_date, created_at) VALUES (47, 3, 'login', '2025-11-04', '2025-11-04 01:00:15');
INSERT OR IGNORE INTO activity_log (id, user_id, activity_type, activity_date, created_at) VALUES (48, 2, 'login', '2025-11-04', '2025-11-04 01:52:15');
INSERT OR IGNORE INTO activity_log (id, user_id, activity_type, activity_date, created_at) VALUES (49, 3, 'test_attempt', '2025-11-04', '2025-11-04 02:44:53');
INSERT OR IGNORE INTO activity_log (id, user_id, activity_type, activity_date, created_at) VALUES (50, 3, 'level_complete', '2025-11-04', '2025-11-04 02:44:53');
INSERT OR IGNORE INTO activity_log (id, user_id, activity_type, activity_date, created_at) VALUES (51, 1, 'login', '2025-11-05', '2025-11-05 02:20:50');
INSERT OR IGNORE INTO activity_log (id, user_id, activity_type, activity_date, created_at) VALUES (52, 8, 'login', '2025-11-05', '2025-11-05 05:20:44');
INSERT OR IGNORE INTO activity_log (id, user_id, activity_type, activity_date, created_at) VALUES (53, 8, 'test_attempt', '2025-11-05', '2025-11-05 05:23:59');
INSERT OR IGNORE INTO activity_log (id, user_id, activity_type, activity_date, created_at) VALUES (54, 2, 'login', '2025-11-05', '2025-11-05 05:26:25');
INSERT OR IGNORE INTO activity_log (id, user_id, activity_type, activity_date, created_at) VALUES (55, 3, 'login', '2025-11-05', '2025-11-05 05:57:31');
INSERT OR IGNORE INTO activity_log (id, user_id, activity_type, activity_date, created_at) VALUES (56, 3, 'login', '2025-11-06', '2025-11-06 01:47:53');
INSERT OR IGNORE INTO activity_log (id, user_id, activity_type, activity_date, created_at) VALUES (57, 1, 'login', '2025-11-06', '2025-11-06 04:38:37');
INSERT OR IGNORE INTO activity_log (id, user_id, activity_type, activity_date, created_at) VALUES (58, 2, 'login', '2025-11-06', '2025-11-06 04:40:36');
INSERT OR IGNORE INTO activity_log (id, user_id, activity_type, activity_date, created_at) VALUES (59, 3, 'login', '2025-11-07', '2025-11-07 00:45:13');
INSERT OR IGNORE INTO activity_log (id, user_id, activity_type, activity_date, created_at) VALUES (60, 1, 'login', '2025-11-10', '2025-11-10 00:20:54');
INSERT OR IGNORE INTO activity_log (id, user_id, activity_type, activity_date, created_at) VALUES (61, 3, 'login', '2025-11-10', '2025-11-10 00:21:18');
INSERT OR IGNORE INTO activity_log (id, user_id, activity_type, activity_date, created_at) VALUES (62, 2, 'login', '2025-11-10', '2025-11-10 01:50:53');
INSERT OR IGNORE INTO activity_log (id, user_id, activity_type, activity_date, created_at) VALUES (63, 11, 'login', '2025-11-10', '2025-11-10 02:25:02');
INSERT OR IGNORE INTO activity_log (id, user_id, activity_type, activity_date, created_at) VALUES (64, 11, 'test_attempt', '2025-11-10', '2025-11-10 02:25:37');
INSERT OR IGNORE INTO activity_log (id, user_id, activity_type, activity_date, created_at) VALUES (65, 11, 'level_complete', '2025-11-10', '2025-11-10 02:25:39');
INSERT OR IGNORE INTO activity_log (id, user_id, activity_type, activity_date, created_at) VALUES (66, 8, 'login', '2025-11-10', '2025-11-10 02:26:00');
INSERT OR IGNORE INTO activity_log (id, user_id, activity_type, activity_date, created_at) VALUES (67, 11, 'test_attempt', '2025-11-10', '2025-11-10 02:29:44');
INSERT OR IGNORE INTO activity_log (id, user_id, activity_type, activity_date, created_at) VALUES (68, 8, 'test_attempt', '2025-11-10', '2025-11-10 02:40:34');
INSERT OR IGNORE INTO activity_log (id, user_id, activity_type, activity_date, created_at) VALUES (69, 3, 'test_attempt', '2025-11-10', '2025-11-10 06:14:14');
INSERT OR IGNORE INTO activity_log (id, user_id, activity_type, activity_date, created_at) VALUES (70, 3, 'test_attempt', '2025-11-10', '2025-11-10 06:19:15');
INSERT OR IGNORE INTO activity_log (id, user_id, activity_type, activity_date, created_at) VALUES (71, 3, 'test_attempt', '2025-11-10', '2025-11-10 06:19:18');
INSERT OR IGNORE INTO activity_log (id, user_id, activity_type, activity_date, created_at) VALUES (72, 8, 'login', '2025-11-11', '2025-11-11 07:05:11');
INSERT OR IGNORE INTO activity_log (id, user_id, activity_type, activity_date, created_at) VALUES (73, 1, 'login', '2025-11-11', '2025-11-11 07:06:54');
INSERT OR IGNORE INTO activity_log (id, user_id, activity_type, activity_date, created_at) VALUES (74, 8, 'test_attempt', '2025-11-11', '2025-11-11 07:20:48');
INSERT OR IGNORE INTO activity_log (id, user_id, activity_type, activity_date, created_at) VALUES (75, 3, 'login', '2025-11-12', '2025-11-12 05:12:57');
INSERT OR IGNORE INTO activity_log (id, user_id, activity_type, activity_date, created_at) VALUES (76, 3, 'test_attempt', '2025-11-12', '2025-11-12 05:31:08');
INSERT OR IGNORE INTO activity_log (id, user_id, activity_type, activity_date, created_at) VALUES (77, 1, 'login', '2025-11-12', '2025-11-12 05:32:31');
INSERT OR IGNORE INTO activity_log (id, user_id, activity_type, activity_date, created_at) VALUES (78, 3, 'test_attempt', '2025-11-12', '2025-11-12 05:51:25');
INSERT OR IGNORE INTO activity_log (id, user_id, activity_type, activity_date, created_at) VALUES (79, 3, 'level_complete', '2025-11-12', '2025-11-12 05:51:26');
INSERT OR IGNORE INTO activity_log (id, user_id, activity_type, activity_date, created_at) VALUES (80, 3, 'test_attempt', '2025-11-12', '2025-11-12 06:03:56');
INSERT OR IGNORE INTO activity_log (id, user_id, activity_type, activity_date, created_at) VALUES (81, 3, 'test_attempt', '2025-11-12', '2025-11-12 06:10:56');
INSERT OR IGNORE INTO activity_log (id, user_id, activity_type, activity_date, created_at) VALUES (82, 3, 'test_attempt', '2025-11-12', '2025-11-12 06:49:22');
INSERT OR IGNORE INTO activity_log (id, user_id, activity_type, activity_date, created_at) VALUES (83, 3, 'test_attempt', '2025-11-12', '2025-11-12 06:51:18');
INSERT OR IGNORE INTO activity_log (id, user_id, activity_type, activity_date, created_at) VALUES (84, 3, 'test_attempt', '2025-11-12', '2025-11-12 06:59:03');
INSERT OR IGNORE INTO activity_log (id, user_id, activity_type, activity_date, created_at) VALUES (85, 3, 'test_attempt', '2025-11-12', '2025-11-12 07:13:01');
INSERT OR IGNORE INTO activity_log (id, user_id, activity_type, activity_date, created_at) VALUES (86, 2, 'login', '2025-11-12', '2025-11-12 07:57:41');
INSERT OR IGNORE INTO activity_log (id, user_id, activity_type, activity_date, created_at) VALUES (87, 3, 'login', '2025-11-14', '2025-11-14 07:00:26');
INSERT OR IGNORE INTO activity_log (id, user_id, activity_type, activity_date, created_at) VALUES (88, 1, 'login', '2025-11-16', '2025-11-16 17:57:39');
INSERT OR IGNORE INTO activity_log (id, user_id, activity_type, activity_date, created_at) VALUES (89, 8, 'login', '2025-11-16', '2025-11-16 18:18:44');
INSERT OR IGNORE INTO activity_log (id, user_id, activity_type, activity_date, created_at) VALUES (90, 8, 'test_attempt', '2025-11-16', '2025-11-16 18:19:42');
INSERT OR IGNORE INTO activity_log (id, user_id, activity_type, activity_date, created_at) VALUES (91, 3, 'login', '2025-11-16', '2025-11-16 23:19:55');
INSERT OR IGNORE INTO activity_log (id, user_id, activity_type, activity_date, created_at) VALUES (92, 3, 'test_attempt', '2025-11-16', '2025-11-16 23:47:47');
INSERT OR IGNORE INTO activity_log (id, user_id, activity_type, activity_date, created_at) VALUES (93, 3, 'test_attempt', '2025-11-16', '2025-11-16 23:47:48');
INSERT OR IGNORE INTO activity_log (id, user_id, activity_type, activity_date, created_at) VALUES (94, 3, 'login', '2025-11-17', '2025-11-17 01:16:55');
INSERT OR IGNORE INTO activity_log (id, user_id, activity_type, activity_date, created_at) VALUES (95, 1, 'login', '2025-11-18', '2025-11-18 03:00:09');
INSERT OR IGNORE INTO activity_log (id, user_id, activity_type, activity_date, created_at) VALUES (96, 3, 'login', '2025-11-18', '2025-11-18 07:53:13');
INSERT OR IGNORE INTO activity_log (id, user_id, activity_type, activity_date, created_at) VALUES (97, 2, 'login', '2025-11-18', '2025-11-18 08:03:14');
INSERT OR IGNORE INTO activity_log (id, user_id, activity_type, activity_date, created_at) VALUES (98, 3, 'test_attempt', '2025-11-19', '2025-11-19 01:13:12');
INSERT OR IGNORE INTO activity_log (id, user_id, activity_type, activity_date, created_at) VALUES (99, 3, 'test_attempt', '2025-11-19', '2025-11-19 01:15:10');
INSERT OR IGNORE INTO activity_log (id, user_id, activity_type, activity_date, created_at) VALUES (100, 3, 'test_attempt', '2025-11-19', '2025-11-19 01:17:18');
INSERT OR IGNORE INTO activity_log (id, user_id, activity_type, activity_date, created_at) VALUES (101, 3, 'test_attempt', '2025-11-19', '2025-11-19 01:18:35');
INSERT OR IGNORE INTO activity_log (id, user_id, activity_type, activity_date, created_at) VALUES (102, 3, 'test_attempt', '2025-11-19', '2025-11-19 01:19:07');
INSERT OR IGNORE INTO activity_log (id, user_id, activity_type, activity_date, created_at) VALUES (103, 3, 'test_attempt', '2025-11-19', '2025-11-19 01:20:21');
INSERT OR IGNORE INTO activity_log (id, user_id, activity_type, activity_date, created_at) VALUES (104, 3, 'login', '2025-11-19', '2025-11-19 08:27:00');
INSERT OR IGNORE INTO activity_log (id, user_id, activity_type, activity_date, created_at) VALUES (105, 3, 'login', '2025-11-24', '2025-11-24 00:38:26');
INSERT OR IGNORE INTO activity_log (id, user_id, activity_type, activity_date, created_at) VALUES (106, 3, 'test_attempt', '2025-11-24', '2025-11-24 00:44:44');
INSERT OR IGNORE INTO activity_log (id, user_id, activity_type, activity_date, created_at) VALUES (107, 3, 'test_attempt', '2025-11-24', '2025-11-24 00:45:36');
INSERT OR IGNORE INTO activity_log (id, user_id, activity_type, activity_date, created_at) VALUES (108, 3, 'test_attempt', '2025-11-24', '2025-11-24 00:46:10');
INSERT OR IGNORE INTO activity_log (id, user_id, activity_type, activity_date, created_at) VALUES (109, 3, 'test_attempt', '2025-11-24', '2025-11-24 01:05:31');
INSERT OR IGNORE INTO activity_log (id, user_id, activity_type, activity_date, created_at) VALUES (110, 1, 'login', '2025-11-25', '2025-11-25 02:25:14');
INSERT OR IGNORE INTO activity_log (id, user_id, activity_type, activity_date, created_at) VALUES (111, 8, 'login', '2025-11-25', '2025-11-25 02:28:40');
INSERT OR IGNORE INTO activity_log (id, user_id, activity_type, activity_date, created_at) VALUES (112, 3, 'login', '2025-11-28', '2025-11-28 05:03:07');
INSERT OR IGNORE INTO activity_log (id, user_id, activity_type, activity_date, created_at) VALUES (113, 1, 'login', '2025-11-30', '2025-11-30 12:32:01');
INSERT OR IGNORE INTO activity_log (id, user_id, activity_type, activity_date, created_at) VALUES (114, 1, 'login', '2025-12-01', '2025-12-01 00:14:08');
INSERT OR IGNORE INTO activity_log (id, user_id, activity_type, activity_date, created_at) VALUES (115, 3, 'login', '2025-12-01', '2025-12-01 00:14:51');
INSERT OR IGNORE INTO activity_log (id, user_id, activity_type, activity_date, created_at) VALUES (116, 2, 'login', '2025-12-01', '2025-12-01 04:39:41');
INSERT OR IGNORE INTO activity_log (id, user_id, activity_type, activity_date, created_at) VALUES (117, 3, 'login', '2025-12-02', '2025-12-02 04:15:37');
INSERT OR IGNORE INTO activity_log (id, user_id, activity_type, activity_date, created_at) VALUES (118, 1, 'login', '2025-12-02', '2025-12-02 04:19:03');
INSERT OR IGNORE INTO activity_log (id, user_id, activity_type, activity_date, created_at) VALUES (119, 3, 'test_attempt', '2025-12-02', '2025-12-02 04:20:41');
INSERT OR IGNORE INTO activity_log (id, user_id, activity_type, activity_date, created_at) VALUES (120, 3, 'test_attempt', '2025-12-02', '2025-12-02 04:28:46');
INSERT OR IGNORE INTO activity_log (id, user_id, activity_type, activity_date, created_at) VALUES (121, 3, 'test_attempt', '2025-12-02', '2025-12-02 04:29:34');
INSERT OR IGNORE INTO activity_log (id, user_id, activity_type, activity_date, created_at) VALUES (122, 2, 'login', '2025-12-02', '2025-12-02 07:17:13');
INSERT OR IGNORE INTO activity_log (id, user_id, activity_type, activity_date, created_at) VALUES (123, 2, 'login', '2025-12-03', '2025-12-03 00:30:16');
INSERT OR IGNORE INTO activity_log (id, user_id, activity_type, activity_date, created_at) VALUES (124, 1, 'login', '2025-12-03', '2025-12-03 03:24:25');
INSERT OR IGNORE INTO activity_log (id, user_id, activity_type, activity_date, created_at) VALUES (125, 3, 'login', '2025-12-03', '2025-12-03 03:33:17');
INSERT OR IGNORE INTO activity_log (id, user_id, activity_type, activity_date, created_at) VALUES (126, 8, 'login', '2025-12-04', '2025-12-04 04:06:33');
INSERT OR IGNORE INTO activity_log (id, user_id, activity_type, activity_date, created_at) VALUES (127, 3, 'login', '2025-12-04', '2025-12-04 04:46:22');
INSERT OR IGNORE INTO activity_log (id, user_id, activity_type, activity_date, created_at) VALUES (128, 1, 'login', '2025-12-04', '2025-12-04 04:52:17');
INSERT OR IGNORE INTO activity_log (id, user_id, activity_type, activity_date, created_at) VALUES (129, 2, 'login', '2025-12-04', '2025-12-04 05:40:40');
INSERT OR IGNORE INTO activity_log (id, user_id, activity_type, activity_date, created_at) VALUES (130, 3, 'test_attempt', '2025-12-04', '2025-12-04 06:00:20');
INSERT OR IGNORE INTO activity_log (id, user_id, activity_type, activity_date, created_at) VALUES (131, 3, 'login', '2025-12-05', '2025-12-05 08:55:03');
INSERT OR IGNORE INTO activity_log (id, user_id, activity_type, activity_date, created_at) VALUES (132, 1, 'login', '2025-12-05', '2025-12-05 08:57:44');
INSERT OR IGNORE INTO activity_log (id, user_id, activity_type, activity_date, created_at) VALUES (133, 1, 'login', '2025-12-08', '2025-12-08 00:57:01');
INSERT OR IGNORE INTO activity_log (id, user_id, activity_type, activity_date, created_at) VALUES (134, 2, 'login', '2025-12-08', '2025-12-08 02:08:57');
INSERT OR IGNORE INTO activity_log (id, user_id, activity_type, activity_date, created_at) VALUES (135, 3, 'login', '2025-12-08', '2025-12-08 02:16:58');
INSERT OR IGNORE INTO activity_log (id, user_id, activity_type, activity_date, created_at) VALUES (136, 3, 'test_attempt', '2025-12-08', '2025-12-08 02:20:08');
INSERT OR IGNORE INTO activity_log (id, user_id, activity_type, activity_date, created_at) VALUES (137, 8, 'login', '2025-12-08', '2025-12-08 08:04:23');
INSERT OR IGNORE INTO activity_log (id, user_id, activity_type, activity_date, created_at) VALUES (138, 3, 'login', '2025-12-09', '2025-12-09 05:55:10');
INSERT OR IGNORE INTO activity_log (id, user_id, activity_type, activity_date, created_at) VALUES (139, 3, 'login', '2025-12-09', '2025-12-09 05:55:10');
INSERT OR IGNORE INTO activity_log (id, user_id, activity_type, activity_date, created_at) VALUES (140, 2, 'login', '2025-12-10', '2025-12-10 08:51:19');
INSERT OR IGNORE INTO activity_log (id, user_id, activity_type, activity_date, created_at) VALUES (141, 1, 'login', '2026-01-05', '2026-01-05 01:15:06');
INSERT OR IGNORE INTO activity_log (id, user_id, activity_type, activity_date, created_at) VALUES (142, 1, 'login', '2026-01-07', '2026-01-07 03:05:57');
INSERT OR IGNORE INTO activity_log (id, user_id, activity_type, activity_date, created_at) VALUES (143, 1, 'login', '2026-01-13', '2026-01-13 02:03:57');
INSERT OR IGNORE INTO activity_log (id, user_id, activity_type, activity_date, created_at) VALUES (144, 3, 'login', '2026-01-13', '2026-01-13 02:05:03');
INSERT OR IGNORE INTO activity_log (id, user_id, activity_type, activity_date, created_at) VALUES (145, 1, 'login', '2026-01-15', '2026-01-15 00:30:29');
INSERT OR IGNORE INTO activity_log (id, user_id, activity_type, activity_date, created_at) VALUES (146, 3, 'login', '2026-01-15', '2026-01-15 00:30:45');
INSERT OR IGNORE INTO activity_log (id, user_id, activity_type, activity_date, created_at) VALUES (147, 1, 'login', '2026-01-16', '2026-01-16 04:53:03');

-- pathways (6 rows)
INSERT OR IGNORE INTO pathways (id, title, description, order_index, active, created_at) VALUES (1, 'OXD', 'Operational Excellence Development - Core consulting skills and methodologies', 1, 1, '2025-12-02 12:40:40');
INSERT OR IGNORE INTO pathways (id, title, description, order_index, active, created_at) VALUES (2, 'YCP Introductory Training Path', 'Introductory basic training for all YCP professionals (Test Path- Keith!)', 2, 1, '2025-12-03 00:09:58');
INSERT OR IGNORE INTO pathways (id, title, description, order_index, active, created_at) VALUES (4, 'M&A ', 'New M&A module', 1, 1, '2025-12-04 06:09:52');
INSERT OR IGNORE INTO pathways (id, title, description, order_index, active, created_at) VALUES (5, 'New Joiner Training - Non-Technical (Test, Hiroko)', 'Quarterly NJT for new hires for the past 3 months.', 1, 1, '2025-12-04 08:08:50');
INSERT OR IGNORE INTO pathways (id, title, description, order_index, active, created_at) VALUES (6, 'Digital Strategy', 'End-to-end service from high level strategy, operational excellence, to digital solutions', 1, 1, '2025-12-08 07:51:59');
INSERT OR IGNORE INTO pathways (id, title, description, order_index, active, created_at) VALUES (7, 'Intensive Training - Feb 2026 Cohort', 'Program for those who joined as MSD Associates and Analysts between Oct and Dec 2025.', 1, 1, '2026-01-15 13:16:31');

-- pathway_levels (42 rows)
INSERT OR IGNORE INTO pathway_levels (id, pathway_id, level_id, order_index) VALUES (1, 1, 4, 5);
INSERT OR IGNORE INTO pathway_levels (id, pathway_id, level_id, order_index) VALUES (2, 1, 6, 1);
INSERT OR IGNORE INTO pathway_levels (id, pathway_id, level_id, order_index) VALUES (3, 1, 7, 2);
INSERT OR IGNORE INTO pathway_levels (id, pathway_id, level_id, order_index) VALUES (4, 1, 9, 3);
INSERT OR IGNORE INTO pathway_levels (id, pathway_id, level_id, order_index) VALUES (5, 1, 10, 4);
INSERT OR IGNORE INTO pathway_levels (id, pathway_id, level_id, order_index) VALUES (6, 1, 11, 6);
INSERT OR IGNORE INTO pathway_levels (id, pathway_id, level_id, order_index) VALUES (7, 1, 12, 7);
INSERT OR IGNORE INTO pathway_levels (id, pathway_id, level_id, order_index) VALUES (8, 1, 13, 8);
INSERT OR IGNORE INTO pathway_levels (id, pathway_id, level_id, order_index) VALUES (9, 1, 14, 10);
INSERT OR IGNORE INTO pathway_levels (id, pathway_id, level_id, order_index) VALUES (10, 1, 15, 11);
INSERT OR IGNORE INTO pathway_levels (id, pathway_id, level_id, order_index) VALUES (11, 1, 16, 12);
INSERT OR IGNORE INTO pathway_levels (id, pathway_id, level_id, order_index) VALUES (12, 1, 17, 13);
INSERT OR IGNORE INTO pathway_levels (id, pathway_id, level_id, order_index) VALUES (13, 1, 18, 14);
INSERT OR IGNORE INTO pathway_levels (id, pathway_id, level_id, order_index) VALUES (14, 1, 19, 9);
INSERT OR IGNORE INTO pathway_levels (id, pathway_id, level_id, order_index) VALUES (15, 2, 6, 1);
INSERT OR IGNORE INTO pathway_levels (id, pathway_id, level_id, order_index) VALUES (16, 2, 17, 3);
INSERT OR IGNORE INTO pathway_levels (id, pathway_id, level_id, order_index) VALUES (17, 2, 18, 4);
INSERT OR IGNORE INTO pathway_levels (id, pathway_id, level_id, order_index) VALUES (18, 2, 9, 2);
INSERT OR IGNORE INTO pathway_levels (id, pathway_id, level_id, order_index) VALUES (30, 2, 7, 5);
INSERT OR IGNORE INTO pathway_levels (id, pathway_id, level_id, order_index) VALUES (31, 2, 10, 6);
INSERT OR IGNORE INTO pathway_levels (id, pathway_id, level_id, order_index) VALUES (32, 2, 19, 7);
INSERT OR IGNORE INTO pathway_levels (id, pathway_id, level_id, order_index) VALUES (33, 4, 16, 2);
INSERT OR IGNORE INTO pathway_levels (id, pathway_id, level_id, order_index) VALUES (34, 4, 14, 3);
INSERT OR IGNORE INTO pathway_levels (id, pathway_id, level_id, order_index) VALUES (36, 4, 17, 1);
INSERT OR IGNORE INTO pathway_levels (id, pathway_id, level_id, order_index) VALUES (37, 5, 20, 1);
INSERT OR IGNORE INTO pathway_levels (id, pathway_id, level_id, order_index) VALUES (39, 5, 21, 2);
INSERT OR IGNORE INTO pathway_levels (id, pathway_id, level_id, order_index) VALUES (40, 5, 22, 3);
INSERT OR IGNORE INTO pathway_levels (id, pathway_id, level_id, order_index) VALUES (41, 5, 23, 4);
INSERT OR IGNORE INTO pathway_levels (id, pathway_id, level_id, order_index) VALUES (42, 5, 24, 5);
INSERT OR IGNORE INTO pathway_levels (id, pathway_id, level_id, order_index) VALUES (43, 5, 25, 6);
INSERT OR IGNORE INTO pathway_levels (id, pathway_id, level_id, order_index) VALUES (44, 5, 26, 7);
INSERT OR IGNORE INTO pathway_levels (id, pathway_id, level_id, order_index) VALUES (45, 1, 20, 15);
INSERT OR IGNORE INTO pathway_levels (id, pathway_id, level_id, order_index) VALUES (46, 6, 9, 1);
INSERT OR IGNORE INTO pathway_levels (id, pathway_id, level_id, order_index) VALUES (47, 6, 18, 2);
INSERT OR IGNORE INTO pathway_levels (id, pathway_id, level_id, order_index) VALUES (48, 6, 22, 3);
INSERT OR IGNORE INTO pathway_levels (id, pathway_id, level_id, order_index) VALUES (49, 6, 21, 4);
INSERT OR IGNORE INTO pathway_levels (id, pathway_id, level_id, order_index) VALUES (50, 7, 27, 1);
INSERT OR IGNORE INTO pathway_levels (id, pathway_id, level_id, order_index) VALUES (51, 7, 31, 2);
INSERT OR IGNORE INTO pathway_levels (id, pathway_id, level_id, order_index) VALUES (52, 7, 29, 3);
INSERT OR IGNORE INTO pathway_levels (id, pathway_id, level_id, order_index) VALUES (53, 7, 32, 5);
INSERT OR IGNORE INTO pathway_levels (id, pathway_id, level_id, order_index) VALUES (54, 7, 28, 4);
INSERT OR IGNORE INTO pathway_levels (id, pathway_id, level_id, order_index) VALUES (55, 7, 30, 6);

-- pathway_enrollments (18 rows)
INSERT OR IGNORE INTO pathway_enrollments (id, user_id, pathway_id, cohort_id, status, enrolled_at, started_at, completed_at) VALUES (1, 3, 1, 1, 'approved', NULL, NULL, NULL);
INSERT OR IGNORE INTO pathway_enrollments (id, user_id, pathway_id, cohort_id, status, enrolled_at, started_at, completed_at) VALUES (2, 4, 1, 1, 'approved', NULL, NULL, NULL);
INSERT OR IGNORE INTO pathway_enrollments (id, user_id, pathway_id, cohort_id, status, enrolled_at, started_at, completed_at) VALUES (3, 8, 1, 1, 'approved', NULL, NULL, NULL);
INSERT OR IGNORE INTO pathway_enrollments (id, user_id, pathway_id, cohort_id, status, enrolled_at, started_at, completed_at) VALUES (4, 11, 1, 1, 'approved', NULL, NULL, NULL);
INSERT OR IGNORE INTO pathway_enrollments (id, user_id, pathway_id, cohort_id, status, enrolled_at, started_at, completed_at) VALUES (5, 3, 4, NULL, 'rejected', NULL, NULL, NULL);
INSERT OR IGNORE INTO pathway_enrollments (id, user_id, pathway_id, cohort_id, status, enrolled_at, started_at, completed_at) VALUES (6, 3, 5, 1, 'approved', NULL, NULL, NULL);
INSERT OR IGNORE INTO pathway_enrollments (id, user_id, pathway_id, cohort_id, status, enrolled_at, started_at, completed_at) VALUES (7, 1, 5, 1, 'approved', NULL, NULL, NULL);
INSERT OR IGNORE INTO pathway_enrollments (id, user_id, pathway_id, cohort_id, status, enrolled_at, started_at, completed_at) VALUES (8, 2, 5, 1, 'approved', NULL, NULL, NULL);
INSERT OR IGNORE INTO pathway_enrollments (id, user_id, pathway_id, cohort_id, status, enrolled_at, started_at, completed_at) VALUES (10, 4, 5, 1, 'approved', NULL, NULL, NULL);
INSERT OR IGNORE INTO pathway_enrollments (id, user_id, pathway_id, cohort_id, status, enrolled_at, started_at, completed_at) VALUES (11, 3, 2, 1, 'approved', NULL, NULL, NULL);
INSERT OR IGNORE INTO pathway_enrollments (id, user_id, pathway_id, cohort_id, status, enrolled_at, started_at, completed_at) VALUES (12, 1, 2, 1, 'approved', NULL, NULL, NULL);
INSERT OR IGNORE INTO pathway_enrollments (id, user_id, pathway_id, cohort_id, status, enrolled_at, started_at, completed_at) VALUES (13, 8, 2, 1, 'approved', NULL, NULL, NULL);
INSERT OR IGNORE INTO pathway_enrollments (id, user_id, pathway_id, cohort_id, status, enrolled_at, started_at, completed_at) VALUES (14, 1, 6, 1, 'approved', NULL, NULL, NULL);
INSERT OR IGNORE INTO pathway_enrollments (id, user_id, pathway_id, cohort_id, status, enrolled_at, started_at, completed_at) VALUES (15, 8, 6, 1, 'approved', NULL, NULL, NULL);
INSERT OR IGNORE INTO pathway_enrollments (id, user_id, pathway_id, cohort_id, status, enrolled_at, started_at, completed_at) VALUES (16, 3, 6, 1, 'approved', NULL, NULL, NULL);
INSERT OR IGNORE INTO pathway_enrollments (id, user_id, pathway_id, cohort_id, status, enrolled_at, started_at, completed_at) VALUES (17, 2, 2, 1, 'approved', NULL, NULL, NULL);
INSERT OR IGNORE INTO pathway_enrollments (id, user_id, pathway_id, cohort_id, status, enrolled_at, started_at, completed_at) VALUES (18, 4, 6, 1, 'approved', NULL, NULL, NULL);
INSERT OR IGNORE INTO pathway_enrollments (id, user_id, pathway_id, cohort_id, status, enrolled_at, started_at, completed_at) VALUES (19, 3, 7, 1, 'approved', NULL, NULL, NULL);

-- cohort_groups (2 rows)
INSERT OR IGNORE INTO cohort_groups (id, name, description, manager_id, created_at) VALUES (1, 'Legacy Enrollments', 'Auto-created cohort for existing pathway enrollments before cohort system', NULL, '2026-01-16 03:50:27');
INSERT OR IGNORE INTO cohort_groups (id, name, description, manager_id, created_at) VALUES (2, 'Intensive Training 2026Q1', 'New associates and analysts in MSD who joined between Oct and Dec 2025', 1, '2026-01-16 05:50:34');

-- cohort_members (6 rows)
INSERT OR IGNORE INTO cohort_members (cohort_id, user_id, joined_at) VALUES (1, 3, '2025-12-02 12:40:40');
INSERT OR IGNORE INTO cohort_members (cohort_id, user_id, joined_at) VALUES (1, 4, '2025-12-02 12:40:40');
INSERT OR IGNORE INTO cohort_members (cohort_id, user_id, joined_at) VALUES (1, 8, '2025-12-02 12:40:40');
INSERT OR IGNORE INTO cohort_members (cohort_id, user_id, joined_at) VALUES (1, 11, '2025-12-02 12:40:40');
INSERT OR IGNORE INTO cohort_members (cohort_id, user_id, joined_at) VALUES (1, 1, '2025-12-08 02:12:45');
INSERT OR IGNORE INTO cohort_members (cohort_id, user_id, joined_at) VALUES (1, 2, '2025-12-08 02:31:48');

-- cohort_pathways (5 rows)
INSERT OR IGNORE INTO cohort_pathways (id, cohort_id, pathway_id, deadline, assigned_at) VALUES (1, 1, 1, NULL, '2025-12-02 12:40:40');
INSERT OR IGNORE INTO cohort_pathways (id, cohort_id, pathway_id, deadline, assigned_at) VALUES (2, 1, 2, NULL, '2025-12-08 03:34:15');
INSERT OR IGNORE INTO cohort_pathways (id, cohort_id, pathway_id, deadline, assigned_at) VALUES (3, 1, 5, NULL, '2025-12-08 02:12:45');
INSERT OR IGNORE INTO cohort_pathways (id, cohort_id, pathway_id, deadline, assigned_at) VALUES (4, 1, 6, NULL, '2025-12-08 07:52:49');
INSERT OR IGNORE INTO cohort_pathways (id, cohort_id, pathway_id, deadline, assigned_at) VALUES (5, 1, 7, NULL, '2026-01-15 13:58:51');

-- user_progress (17 rows)
INSERT OR IGNORE INTO user_progress (id, user_id, level_id, pathway_id, cohort_id, status, started_at, completed_at) VALUES (1, 3, 7, 1, 1, 'completed', '2025-11-04 03:23:53', '2025-11-12 05:51:26');
INSERT OR IGNORE INTO user_progress (id, user_id, level_id, pathway_id, cohort_id, status, started_at, completed_at) VALUES (2, 3, 6, 1, 1, 'completed', '2025-10-31 04:53:47', '2025-11-04 02:44:53');
INSERT OR IGNORE INTO user_progress (id, user_id, level_id, pathway_id, cohort_id, status, started_at, completed_at) VALUES (3, 4, 6, 1, 1, 'unlocked', NULL, NULL);
INSERT OR IGNORE INTO user_progress (id, user_id, level_id, pathway_id, cohort_id, status, started_at, completed_at) VALUES (4, 8, 6, 1, 1, 'completed', '2025-10-31 06:07:36', '2025-10-31 07:54:39');
INSERT OR IGNORE INTO user_progress (id, user_id, level_id, pathway_id, cohort_id, status, started_at, completed_at) VALUES (5, 8, 7, 1, 1, 'in_progress', '2025-11-03 05:38:03', NULL);
INSERT OR IGNORE INTO user_progress (id, user_id, level_id, pathway_id, cohort_id, status, started_at, completed_at) VALUES (6, 11, 6, 1, 1, 'completed', '2025-11-10 02:25:10', '2025-11-10 02:25:38');
INSERT OR IGNORE INTO user_progress (id, user_id, level_id, pathway_id, cohort_id, status, started_at, completed_at) VALUES (7, 11, 7, 1, 1, 'in_progress', '2025-11-10 02:25:58', NULL);
INSERT OR IGNORE INTO user_progress (id, user_id, level_id, pathway_id, cohort_id, status, started_at, completed_at) VALUES (8, 3, 9, 1, 1, 'in_progress', '2025-11-12 08:39:22', NULL);
INSERT OR IGNORE INTO user_progress (id, user_id, level_id, pathway_id, cohort_id, status, started_at, completed_at) VALUES (9, 1, 20, 5, 1, 'unlocked', NULL, NULL);
INSERT OR IGNORE INTO user_progress (id, user_id, level_id, pathway_id, cohort_id, status, started_at, completed_at) VALUES (10, 2, 20, 5, 1, 'unlocked', NULL, NULL);
INSERT OR IGNORE INTO user_progress (id, user_id, level_id, pathway_id, cohort_id, status, started_at, completed_at) VALUES (11, 3, 20, 5, 1, 'in_progress', '2025-12-08 07:45:21', NULL);
INSERT OR IGNORE INTO user_progress (id, user_id, level_id, pathway_id, cohort_id, status, started_at, completed_at) VALUES (12, 4, 20, 5, 1, 'unlocked', NULL, NULL);
INSERT OR IGNORE INTO user_progress (id, user_id, level_id, pathway_id, cohort_id, status, started_at, completed_at) VALUES (14, 1, 6, 2, 1, 'unlocked', NULL, NULL);
INSERT OR IGNORE INTO user_progress (id, user_id, level_id, pathway_id, cohort_id, status, started_at, completed_at) VALUES (15, 8, 6, 2, 1, 'unlocked', NULL, NULL);
INSERT OR IGNORE INTO user_progress (id, user_id, level_id, pathway_id, cohort_id, status, started_at, completed_at) VALUES (16, 2, 6, 2, 1, 'unlocked', NULL, NULL);
INSERT OR IGNORE INTO user_progress (id, user_id, level_id, pathway_id, cohort_id, status, started_at, completed_at) VALUES (17, 4, 9, 6, 1, 'unlocked', NULL, NULL);
INSERT OR IGNORE INTO user_progress (id, user_id, level_id, pathway_id, cohort_id, status, started_at, completed_at) VALUES (18, 3, 27, 7, 1, 'in_progress', '2026-01-15 14:00:30', NULL);

-- test_attempts (55 rows)
INSERT OR IGNORE INTO test_attempts (id, user_id, test_id, score, max_score, percentage, passed, started_at, completed_at) VALUES (1, 3, 4, 5, 5, 100, 1, '2025-10-29 00:38:27', '2025-10-29 00:38:27');
INSERT OR IGNORE INTO test_attempts (id, user_id, test_id, score, max_score, percentage, passed, started_at, completed_at) VALUES (2, 3, 4, 5, 5, 100, 1, '2025-10-29 00:38:40', '2025-10-29 00:38:40');
INSERT OR IGNORE INTO test_attempts (id, user_id, test_id, score, max_score, percentage, passed, started_at, completed_at) VALUES (3, 3, 4, 4, 4, 100, 1, '2025-10-29 06:06:31', '2025-10-29 06:06:31');
INSERT OR IGNORE INTO test_attempts (id, user_id, test_id, score, max_score, percentage, passed, started_at, completed_at) VALUES (4, 3, 4, 4, 4, 100, 1, '2025-10-29 06:06:40', '2025-10-29 06:06:40');
INSERT OR IGNORE INTO test_attempts (id, user_id, test_id, score, max_score, percentage, passed, started_at, completed_at) VALUES (5, 8, 4, 3, 4, 75, 0, '2025-10-31 06:16:24', '2025-10-31 06:16:24');
INSERT OR IGNORE INTO test_attempts (id, user_id, test_id, score, max_score, percentage, passed, started_at, completed_at) VALUES (6, 8, 4, 4, 4, 100, 1, '2025-10-31 06:17:25', '2025-10-31 06:17:25');
INSERT OR IGNORE INTO test_attempts (id, user_id, test_id, score, max_score, percentage, passed, started_at, completed_at) VALUES (7, 8, 4, 4, 4, 100, 1, '2025-10-31 06:17:35', '2025-10-31 06:17:35');
INSERT OR IGNORE INTO test_attempts (id, user_id, test_id, score, max_score, percentage, passed, started_at, completed_at) VALUES (8, 8, 12, 7, 21, 33.33333333333333, 0, '2025-10-31 06:25:31', '2025-10-31 06:25:31');
INSERT OR IGNORE INTO test_attempts (id, user_id, test_id, score, max_score, percentage, passed, started_at, completed_at) VALUES (9, 8, 4, 4, 4, 100, 1, '2025-10-31 07:54:28', '2025-10-31 07:54:28');
INSERT OR IGNORE INTO test_attempts (id, user_id, test_id, score, max_score, percentage, passed, started_at, completed_at) VALUES (10, 8, 4, 4, 4, 100, 1, '2025-10-31 07:54:36', '2025-10-31 07:54:36');
INSERT OR IGNORE INTO test_attempts (id, user_id, test_id, score, max_score, percentage, passed, started_at, completed_at) VALUES (11, 8, 4, 2, 4, 50, 0, '2025-10-31 07:55:01', '2025-10-31 07:55:01');
INSERT OR IGNORE INTO test_attempts (id, user_id, test_id, score, max_score, percentage, passed, started_at, completed_at) VALUES (12, 8, 12, 1, 21, 4.761904761904762, 0, '2025-11-03 05:40:35', '2025-11-03 05:40:35');
INSERT OR IGNORE INTO test_attempts (id, user_id, test_id, score, max_score, percentage, passed, started_at, completed_at) VALUES (13, 3, 4, 3, 4, 75, 0, '2025-11-03 06:07:40', '2025-11-03 06:07:40');
INSERT OR IGNORE INTO test_attempts (id, user_id, test_id, score, max_score, percentage, passed, started_at, completed_at) VALUES (14, 3, 12, 1, 21, 4.761904761904762, 0, '2025-11-03 08:19:53', '2025-11-03 08:19:53');
INSERT OR IGNORE INTO test_attempts (id, user_id, test_id, score, max_score, percentage, passed, started_at, completed_at) VALUES (15, 3, 12, 16, 21, 76.19047619047619, 0, '2025-11-03 08:57:43', '2025-11-03 08:57:43');
INSERT OR IGNORE INTO test_attempts (id, user_id, test_id, score, max_score, percentage, passed, started_at, completed_at) VALUES (16, 3, 12, 16, 21, 76.19047619047619, 0, '2025-11-03 08:57:45', '2025-11-03 08:57:45');
INSERT OR IGNORE INTO test_attempts (id, user_id, test_id, score, max_score, percentage, passed, started_at, completed_at) VALUES (17, 3, 12, 16, 21, 76.19047619047619, 0, '2025-11-03 09:02:04', '2025-11-03 09:02:04');
INSERT OR IGNORE INTO test_attempts (id, user_id, test_id, score, max_score, percentage, passed, started_at, completed_at) VALUES (18, 3, 12, 14, 21, 66.66666666666666, 0, '2025-11-03 09:07:40', '2025-11-03 09:07:40');
INSERT OR IGNORE INTO test_attempts (id, user_id, test_id, score, max_score, percentage, passed, started_at, completed_at) VALUES (19, 3, 12, 4, 21, 19.047619047619047, 0, '2025-11-03 09:08:54', '2025-11-03 09:08:54');
INSERT OR IGNORE INTO test_attempts (id, user_id, test_id, score, max_score, percentage, passed, started_at, completed_at) VALUES (20, 3, 12, 14, 21, 66.66666666666666, 0, '2025-11-03 09:32:04', '2025-11-03 09:32:04');
INSERT OR IGNORE INTO test_attempts (id, user_id, test_id, score, max_score, percentage, passed, started_at, completed_at) VALUES (21, 3, 4, 4, 4, 100, 1, '2025-11-04 02:44:52', '2025-11-04 02:44:52');
INSERT OR IGNORE INTO test_attempts (id, user_id, test_id, score, max_score, percentage, passed, started_at, completed_at) VALUES (22, 8, 12, 1, 21, 4.761904761904762, 0, '2025-11-05 05:23:54', '2025-11-05 05:23:54');
INSERT OR IGNORE INTO test_attempts (id, user_id, test_id, score, max_score, percentage, passed, started_at, completed_at) VALUES (23, 11, 4, 4, 4, 100, 1, '2025-11-10 02:25:35', '2025-11-10 02:25:35');
INSERT OR IGNORE INTO test_attempts (id, user_id, test_id, score, max_score, percentage, passed, started_at, completed_at) VALUES (24, 11, 12, 5, 21, 23.809523809523807, 0, '2025-11-10 02:29:41', '2025-11-10 02:29:41');
INSERT OR IGNORE INTO test_attempts (id, user_id, test_id, score, max_score, percentage, passed, started_at, completed_at) VALUES (25, 8, 12, 0, 21, 0, 0, '2025-11-10 02:40:30', '2025-11-10 02:40:30');
INSERT OR IGNORE INTO test_attempts (id, user_id, test_id, score, max_score, percentage, passed, started_at, completed_at) VALUES (26, 3, 12, 16, 21, 76.19047619047619, 0, '2025-11-10 06:14:11', '2025-11-10 06:14:11');
INSERT OR IGNORE INTO test_attempts (id, user_id, test_id, score, max_score, percentage, passed, started_at, completed_at) VALUES (27, 3, 12, 16, 21, 76.19047619047619, 0, '2025-11-10 06:19:07', '2025-11-10 06:19:07');
INSERT OR IGNORE INTO test_attempts (id, user_id, test_id, score, max_score, percentage, passed, started_at, completed_at) VALUES (28, 3, 12, 16, 21, 76.19047619047619, 0, '2025-11-10 06:19:15', '2025-11-10 06:19:15');
INSERT OR IGNORE INTO test_attempts (id, user_id, test_id, score, max_score, percentage, passed, started_at, completed_at) VALUES (29, 8, 12, 8, 21, 38.095238095238095, 0, '2025-11-11 07:20:44', '2025-11-11 07:20:44');
INSERT OR IGNORE INTO test_attempts (id, user_id, test_id, score, max_score, percentage, passed, started_at, completed_at) VALUES (30, 3, 12, 11, 21, 52.38095238095239, 0, '2025-11-12 05:31:06', '2025-11-12 05:31:06');
INSERT OR IGNORE INTO test_attempts (id, user_id, test_id, score, max_score, percentage, passed, started_at, completed_at) VALUES (31, 3, 12, 16, 17, 94.11764705882352, 1, '2025-11-12 05:51:23', '2025-11-12 05:51:23');
INSERT OR IGNORE INTO test_attempts (id, user_id, test_id, score, max_score, percentage, passed, started_at, completed_at) VALUES (32, 3, 12, 6, 17, 35.294117647058826, 0, '2025-11-12 06:03:54', '2025-11-12 06:03:54');
INSERT OR IGNORE INTO test_attempts (id, user_id, test_id, score, max_score, percentage, passed, started_at, completed_at) VALUES (33, 3, 12, 5, 17, 29.411764705882355, 0, '2025-11-12 06:10:54', '2025-11-12 06:10:54');
INSERT OR IGNORE INTO test_attempts (id, user_id, test_id, score, max_score, percentage, passed, started_at, completed_at) VALUES (34, 3, 12, 3, 17, 17.647058823529413, 0, '2025-11-12 06:49:20', '2025-11-12 06:49:20');
INSERT OR IGNORE INTO test_attempts (id, user_id, test_id, score, max_score, percentage, passed, started_at, completed_at) VALUES (35, 3, 12, 3, 17, 17.647058823529413, 0, '2025-11-12 06:51:16', '2025-11-12 06:51:16');
INSERT OR IGNORE INTO test_attempts (id, user_id, test_id, score, max_score, percentage, passed, started_at, completed_at) VALUES (36, 3, 12, 3, 17, 17.647058823529413, 0, '2025-11-12 06:59:01', '2025-11-12 06:59:01');
INSERT OR IGNORE INTO test_attempts (id, user_id, test_id, score, max_score, percentage, passed, started_at, completed_at) VALUES (37, 3, 12, 3, 17, 17.647058823529413, 0, '2025-11-12 07:12:59', '2025-11-12 07:12:59');
INSERT OR IGNORE INTO test_attempts (id, user_id, test_id, score, max_score, percentage, passed, started_at, completed_at) VALUES (38, 8, 12, 2, 18, 11.11111111111111, 0, '2025-11-16 18:19:38', '2025-11-16 18:19:38');
INSERT OR IGNORE INTO test_attempts (id, user_id, test_id, score, max_score, percentage, passed, started_at, completed_at) VALUES (39, 3, 12, 5, 18, 27.77777777777778, 0, '2025-11-16 23:47:44', '2025-11-16 23:47:44');
INSERT OR IGNORE INTO test_attempts (id, user_id, test_id, score, max_score, percentage, passed, started_at, completed_at) VALUES (40, 3, 12, 5, 18, 27.77777777777778, 0, '2025-11-16 23:47:45', '2025-11-16 23:47:45');
INSERT OR IGNORE INTO test_attempts (id, user_id, test_id, score, max_score, percentage, passed, started_at, completed_at) VALUES (41, 3, 13, 2, 4, 50, 0, '2025-11-19 01:13:10', '2025-11-19 01:13:10');
INSERT OR IGNORE INTO test_attempts (id, user_id, test_id, score, max_score, percentage, passed, started_at, completed_at) VALUES (42, 3, 13, 2, 4, 50, 0, '2025-11-19 01:15:08', '2025-11-19 01:15:08');
INSERT OR IGNORE INTO test_attempts (id, user_id, test_id, score, max_score, percentage, passed, started_at, completed_at) VALUES (43, 3, 13, 1, 4, 25, 0, '2025-11-19 01:17:16', '2025-11-19 01:17:16');
INSERT OR IGNORE INTO test_attempts (id, user_id, test_id, score, max_score, percentage, passed, started_at, completed_at) VALUES (44, 3, 13, 1, 4, 25, 0, '2025-11-19 01:18:34', '2025-11-19 01:18:34');
INSERT OR IGNORE INTO test_attempts (id, user_id, test_id, score, max_score, percentage, passed, started_at, completed_at) VALUES (45, 3, 13, 1, 4, 25, 0, '2025-11-19 01:19:06', '2025-11-19 01:19:06');
INSERT OR IGNORE INTO test_attempts (id, user_id, test_id, score, max_score, percentage, passed, started_at, completed_at) VALUES (46, 3, 13, 1, 4, 25, 0, '2025-11-19 01:20:20', '2025-11-19 01:20:20');
INSERT OR IGNORE INTO test_attempts (id, user_id, test_id, score, max_score, percentage, passed, started_at, completed_at) VALUES (47, 3, 13, 2, 4, 50, 0, '2025-11-24 00:44:42', '2025-11-24 00:44:42');
INSERT OR IGNORE INTO test_attempts (id, user_id, test_id, score, max_score, percentage, passed, started_at, completed_at) VALUES (48, 3, 13, 0, 4, 0, 0, '2025-11-24 00:45:35', '2025-11-24 00:45:35');
INSERT OR IGNORE INTO test_attempts (id, user_id, test_id, score, max_score, percentage, passed, started_at, completed_at) VALUES (49, 3, 13, 1, 4, 25, 0, '2025-11-24 00:46:09', '2025-11-24 00:46:09');
INSERT OR IGNORE INTO test_attempts (id, user_id, test_id, score, max_score, percentage, passed, started_at, completed_at) VALUES (50, 3, 13, 1, 4, 25, 0, '2025-11-24 01:05:30', '2025-11-24 01:05:30');
INSERT OR IGNORE INTO test_attempts (id, user_id, test_id, score, max_score, percentage, passed, started_at, completed_at) VALUES (51, 3, 13, 1, 4, 25, 0, '2025-12-02 04:20:39', '2025-12-02 04:20:39');
INSERT OR IGNORE INTO test_attempts (id, user_id, test_id, score, max_score, percentage, passed, started_at, completed_at) VALUES (52, 3, 13, 1, 4, 25, 0, '2025-12-02 04:28:44', '2025-12-02 04:28:44');
INSERT OR IGNORE INTO test_attempts (id, user_id, test_id, score, max_score, percentage, passed, started_at, completed_at) VALUES (53, 3, 13, 1, 4, 25, 0, '2025-12-02 04:29:30', '2025-12-02 04:29:30');
INSERT OR IGNORE INTO test_attempts (id, user_id, test_id, score, max_score, percentage, passed, started_at, completed_at) VALUES (54, 3, 13, 2, 4, 50, 0, '2025-12-04 06:00:19', '2025-12-04 06:00:19');
INSERT OR IGNORE INTO test_attempts (id, user_id, test_id, score, max_score, percentage, passed, started_at, completed_at) VALUES (55, 3, 13, 1, 4, 25, 0, '2025-12-08 02:20:07', '2025-12-08 02:20:07');

-- user_answers (377 rows)
INSERT OR IGNORE INTO user_answers (id, attempt_id, question_id, answer_option_id, answer_text, is_correct, points_earned) VALUES (11, 3, 4, 33, '33', 1, 1);
INSERT OR IGNORE INTO user_answers (id, attempt_id, question_id, answer_option_id, answer_text, is_correct, points_earned) VALUES (12, 3, 6, 37, '37', 1, 1);
INSERT OR IGNORE INTO user_answers (id, attempt_id, question_id, answer_option_id, answer_text, is_correct, points_earned) VALUES (13, 3, 8, 39, '39', 1, 1);
INSERT OR IGNORE INTO user_answers (id, attempt_id, question_id, answer_option_id, answer_text, is_correct, points_earned) VALUES (14, 3, 9, NULL, '["Control"]', 1, 1);
INSERT OR IGNORE INTO user_answers (id, attempt_id, question_id, answer_option_id, answer_text, is_correct, points_earned) VALUES (15, 4, 4, 33, '33', 1, 1);
INSERT OR IGNORE INTO user_answers (id, attempt_id, question_id, answer_option_id, answer_text, is_correct, points_earned) VALUES (16, 4, 6, 37, '37', 1, 1);
INSERT OR IGNORE INTO user_answers (id, attempt_id, question_id, answer_option_id, answer_text, is_correct, points_earned) VALUES (17, 4, 8, 39, '39', 1, 1);
INSERT OR IGNORE INTO user_answers (id, attempt_id, question_id, answer_option_id, answer_text, is_correct, points_earned) VALUES (18, 4, 9, NULL, '["Control"]', 1, 1);
INSERT OR IGNORE INTO user_answers (id, attempt_id, question_id, answer_option_id, answer_text, is_correct, points_earned) VALUES (19, 5, 4, 33, '33', 1, 1);
INSERT OR IGNORE INTO user_answers (id, attempt_id, question_id, answer_option_id, answer_text, is_correct, points_earned) VALUES (20, 5, 6, 36, '36', 0, 0);
INSERT OR IGNORE INTO user_answers (id, attempt_id, question_id, answer_option_id, answer_text, is_correct, points_earned) VALUES (21, 5, 8, 39, '39', 1, 1);
INSERT OR IGNORE INTO user_answers (id, attempt_id, question_id, answer_option_id, answer_text, is_correct, points_earned) VALUES (22, 5, 9, NULL, '["Control"]', 1, 1);
INSERT OR IGNORE INTO user_answers (id, attempt_id, question_id, answer_option_id, answer_text, is_correct, points_earned) VALUES (23, 6, 4, 33, '33', 1, 1);
INSERT OR IGNORE INTO user_answers (id, attempt_id, question_id, answer_option_id, answer_text, is_correct, points_earned) VALUES (24, 6, 6, 37, '37', 1, 1);
INSERT OR IGNORE INTO user_answers (id, attempt_id, question_id, answer_option_id, answer_text, is_correct, points_earned) VALUES (25, 6, 8, 39, '39', 1, 1);
INSERT OR IGNORE INTO user_answers (id, attempt_id, question_id, answer_option_id, answer_text, is_correct, points_earned) VALUES (26, 6, 9, NULL, '["Control"]', 1, 1);
INSERT OR IGNORE INTO user_answers (id, attempt_id, question_id, answer_option_id, answer_text, is_correct, points_earned) VALUES (27, 7, 4, 33, '33', 1, 1);
INSERT OR IGNORE INTO user_answers (id, attempt_id, question_id, answer_option_id, answer_text, is_correct, points_earned) VALUES (28, 7, 6, 37, '37', 1, 1);
INSERT OR IGNORE INTO user_answers (id, attempt_id, question_id, answer_option_id, answer_text, is_correct, points_earned) VALUES (29, 7, 8, 39, '39', 1, 1);
INSERT OR IGNORE INTO user_answers (id, attempt_id, question_id, answer_option_id, answer_text, is_correct, points_earned) VALUES (30, 7, 9, NULL, '["Control"]', 1, 1);
INSERT OR IGNORE INTO user_answers (id, attempt_id, question_id, answer_option_id, answer_text, is_correct, points_earned) VALUES (31, 8, 10, NULL, '["41","43","45"]', 1, 1);
INSERT OR IGNORE INTO user_answers (id, attempt_id, question_id, answer_option_id, answer_text, is_correct, points_earned) VALUES (32, 8, 11, NULL, '["Analysis","Focus Process","Governance","Development","Implementation","Sustainability"]', 0, 0);
INSERT OR IGNORE INTO user_answers (id, attempt_id, question_id, answer_option_id, answer_text, is_correct, points_earned) VALUES (33, 8, 12, NULL, '[{"label":"Analysis","x":11,"y":59,"xPercent":1.7684887459807075,"yPercent":11.799999999999999},{"label":"Straight to Work","x":13,"y":137,"xPercent":2.090032154340836,"yPercent":27.400000000000002},{"label":"Transition","x":32,"y":71,"xPercent":5.144694533762058,"yPercent":14.2},{"label":"Approach","x":49,"y":52,"xPercent":7.877813504823152,"yPercent":10.4},{"label":"Layout","x":69,"y":50,"xPercent":11.093247588424438,"yPercent":10},{"label":"Diagnostics","x":90,"y":62,"xPercent":14.469453376205788,"yPercent":12.4},{"label":"Evaluation","x":89,"y":128,"xPercent":14.308681672025724,"yPercent":25.6},{"label":"Strategic Integration Meeting (SIM)","x":112,"y":49,"xPercent":18.006430868167204,"yPercent":9.8},{"label":"System","x":133,"y":67,"xPercent":21.382636655948552,"yPercent":13.4},{"label":"Installation","x":154,"y":52,"xPercent":24.758842443729904,"yPercent":10.4},{"label":"Training","x":156,"y":134,"xPercent":25.080385852090032,"yPercent":26.8},{"label":"Audit","x":175,"y":53,"xPercent":28.135048231511256,"yPercent":10.6},{"label":"Aftercare","x":198,"y":64,"xPercent":31.832797427652732,"yPercent":12.8}]', 1, 5);
INSERT OR IGNORE INTO user_answers (id, attempt_id, question_id, answer_option_id, answer_text, is_correct, points_earned) VALUES (34, 8, 13, NULL, '["46","47","48","49","50","51","52","53"]', 0, 0);
INSERT OR IGNORE INTO user_answers (id, attempt_id, question_id, answer_option_id, answer_text, is_correct, points_earned) VALUES (35, 8, 14, NULL, '{"Need":"Install the necessary skills and process to improve availability","Scope":"Industry remains very competitive","Measures":"Commit & Install (week 9-12)","Roles":"External factors (supply, demand, cost increases...)","Vision":"Sponsor: Mr Brown","Risk":"Supervisory training and on-the-job coaching","Timeline":"OTIF in Packaging","Accountability":"I hearby assume accountability.."}', 0, 0);
INSERT OR IGNORE INTO user_answers (id, attempt_id, question_id, answer_option_id, answer_text, is_correct, points_earned) VALUES (36, 8, 15, NULL, '["Base","Value","Mechanism","Value Driver","KPIs","Opportunity"]', 0, 0);
INSERT OR IGNORE INTO user_answers (id, attempt_id, question_id, answer_option_id, answer_text, is_correct, points_earned) VALUES (37, 8, 16, NULL, '["managing","project"]', 0, 0);
INSERT OR IGNORE INTO user_answers (id, attempt_id, question_id, answer_option_id, answer_text, is_correct, points_earned) VALUES (38, 8, 17, NULL, '["Transition & Approach","Layout","Mid-Implementation","SIM","Completion","Pre-SIM","Pre-Implementation","Analysis Operations Consultation"]', 0, 0);
INSERT OR IGNORE INTO user_answers (id, attempt_id, question_id, answer_option_id, answer_text, is_correct, points_earned) VALUES (39, 8, 18, NULL, '6', 0, 0);
INSERT OR IGNORE INTO user_answers (id, attempt_id, question_id, answer_option_id, answer_text, is_correct, points_earned) VALUES (40, 8, 19, 56, '56', 1, 1);
INSERT OR IGNORE INTO user_answers (id, attempt_id, question_id, answer_option_id, answer_text, is_correct, points_earned) VALUES (41, 9, 4, 33, '33', 1, 1);
INSERT OR IGNORE INTO user_answers (id, attempt_id, question_id, answer_option_id, answer_text, is_correct, points_earned) VALUES (42, 9, 6, 37, '37', 1, 1);
INSERT OR IGNORE INTO user_answers (id, attempt_id, question_id, answer_option_id, answer_text, is_correct, points_earned) VALUES (43, 9, 8, 39, '39', 1, 1);
INSERT OR IGNORE INTO user_answers (id, attempt_id, question_id, answer_option_id, answer_text, is_correct, points_earned) VALUES (44, 9, 9, NULL, '["Control"]', 1, 1);
INSERT OR IGNORE INTO user_answers (id, attempt_id, question_id, answer_option_id, answer_text, is_correct, points_earned) VALUES (45, 10, 4, 33, '33', 1, 1);
INSERT OR IGNORE INTO user_answers (id, attempt_id, question_id, answer_option_id, answer_text, is_correct, points_earned) VALUES (46, 10, 6, 37, '37', 1, 1);
INSERT OR IGNORE INTO user_answers (id, attempt_id, question_id, answer_option_id, answer_text, is_correct, points_earned) VALUES (47, 10, 8, 39, '39', 1, 1);
INSERT OR IGNORE INTO user_answers (id, attempt_id, question_id, answer_option_id, answer_text, is_correct, points_earned) VALUES (48, 10, 9, NULL, '["Control"]', 1, 1);
INSERT OR IGNORE INTO user_answers (id, attempt_id, question_id, answer_option_id, answer_text, is_correct, points_earned) VALUES (49, 11, 4, 33, '33', 1, 1);
INSERT OR IGNORE INTO user_answers (id, attempt_id, question_id, answer_option_id, answer_text, is_correct, points_earned) VALUES (50, 11, 6, 37, '37', 1, 1);
INSERT OR IGNORE INTO user_answers (id, attempt_id, question_id, answer_option_id, answer_text, is_correct, points_earned) VALUES (51, 11, 8, 40, '40', 0, 0);
INSERT OR IGNORE INTO user_answers (id, attempt_id, question_id, answer_option_id, answer_text, is_correct, points_earned) VALUES (52, 11, 9, NULL, '["controls"]', 0, 0);
INSERT OR IGNORE INTO user_answers (id, attempt_id, question_id, answer_option_id, answer_text, is_correct, points_earned) VALUES (53, 12, 10, NULL, '["41","42","43"]', 0, 0);
INSERT OR IGNORE INTO user_answers (id, attempt_id, question_id, answer_option_id, answer_text, is_correct, points_earned) VALUES (54, 12, 11, NULL, '["Analysis","Focus Process","Governance","Implementation","Development","Sustainability"]', 0, 0);
INSERT OR IGNORE INTO user_answers (id, attempt_id, question_id, answer_option_id, answer_text, is_correct, points_earned) VALUES (55, 12, 12, NULL, '[{"label":"Analysis","x":82,"y":150,"xPercent":9.35005701254276,"yPercent":30},{"label":"Straight to Work","x":68,"y":185,"xPercent":7.753705815279361,"yPercent":37},{"label":"Transition","x":159,"y":149,"xPercent":18.129988597491447,"yPercent":29.799999999999997},{"label":"Approach","x":232,"y":141,"xPercent":26.45381984036488,"yPercent":28.199999999999996},{"label":"Layout","x":283,"y":156,"xPercent":32.2690992018244,"yPercent":31.2},{"label":"Diagnostics","x":378,"y":131,"xPercent":43.10148232611174,"yPercent":26.200000000000003},{"label":"Evaluation","x":362,"y":197,"xPercent":41.27708095781072,"yPercent":39.4},{"label":"Strategic Integration Meeting (SIM)","x":465,"y":129,"xPercent":53.02166476624858,"yPercent":25.8},{"label":"System","x":570,"y":153,"xPercent":64.99429874572405,"yPercent":30.599999999999998},{"label":"Installation","x":668,"y":146,"xPercent":76.16875712656784,"yPercent":29.2},{"label":"Training","x":629,"y":206,"xPercent":71.72177879133409,"yPercent":41.199999999999996},{"label":"Audit","x":741,"y":146,"xPercent":84.49258836944128,"yPercent":29.2},{"label":"Aftercare","x":817,"y":144,"xPercent":93.15849486887116,"yPercent":28.799999999999997}]', 0, 0);
INSERT OR IGNORE INTO user_answers (id, attempt_id, question_id, answer_option_id, answer_text, is_correct, points_earned) VALUES (56, 12, 13, NULL, '["46","47","48","49","50","51","52","53"]', 0, 0);
INSERT OR IGNORE INTO user_answers (id, attempt_id, question_id, answer_option_id, answer_text, is_correct, points_earned) VALUES (57, 12, 14, NULL, '{"Need":"Industry remains very competitive","Scope":"Supervisory training and on-the-job coaching","Measures":"OTIF in Packaging","Roles":"I hearby assume accountability..","Vision":"Sponsor: Mr Brown","Risk":"Commit & Install (week 9-12)","Timeline":"Install the necessary skills and process to improve availability","Accountability":"External factors (supply, demand, cost increases...)"}', 0, 0);
INSERT OR IGNORE INTO user_answers (id, attempt_id, question_id, answer_option_id, answer_text, is_correct, points_earned) VALUES (58, 12, 15, NULL, '["Value","Mechanism","Opportunity","KPIs","Value Driver","Base"]', 0, 0);
INSERT OR IGNORE INTO user_answers (id, attempt_id, question_id, answer_option_id, answer_text, is_correct, points_earned) VALUES (59, 12, 16, NULL, '["management","process"]', 0, 0);
INSERT OR IGNORE INTO user_answers (id, attempt_id, question_id, answer_option_id, answer_text, is_correct, points_earned) VALUES (60, 12, 17, NULL, '["Completion","Pre-SIM","Layout","Transition & Approach","Pre-Implementation","Analysis Operations Consultation","Mid-Implementation","SIM"]', 0, 0);
INSERT OR IGNORE INTO user_answers (id, attempt_id, question_id, answer_option_id, answer_text, is_correct, points_earned) VALUES (61, 12, 18, NULL, '6', 0, 0);
INSERT OR IGNORE INTO user_answers (id, attempt_id, question_id, answer_option_id, answer_text, is_correct, points_earned) VALUES (62, 12, 19, 56, '56', 1, 1);
INSERT OR IGNORE INTO user_answers (id, attempt_id, question_id, answer_option_id, answer_text, is_correct, points_earned) VALUES (63, 13, 4, 33, '33', 1, 1);
INSERT OR IGNORE INTO user_answers (id, attempt_id, question_id, answer_option_id, answer_text, is_correct, points_earned) VALUES (64, 13, 6, 36, '36', 0, 0);
INSERT OR IGNORE INTO user_answers (id, attempt_id, question_id, answer_option_id, answer_text, is_correct, points_earned) VALUES (65, 13, 8, 39, '39', 1, 1);
INSERT OR IGNORE INTO user_answers (id, attempt_id, question_id, answer_option_id, answer_text, is_correct, points_earned) VALUES (66, 13, 9, NULL, '["Control"]', 1, 1);
INSERT OR IGNORE INTO user_answers (id, attempt_id, question_id, answer_option_id, answer_text, is_correct, points_earned) VALUES (67, 14, 10, NULL, '["41"]', 0, 0);
INSERT OR IGNORE INTO user_answers (id, attempt_id, question_id, answer_option_id, answer_text, is_correct, points_earned) VALUES (68, 14, 11, NULL, '["Analysis","Focus Process","Governance","Development","Implementation","Sustainability"]', 0, 0);
INSERT OR IGNORE INTO user_answers (id, attempt_id, question_id, answer_option_id, answer_text, is_correct, points_earned) VALUES (69, 14, 12, NULL, '[{"label":"Analysis","x":49,"y":180,"xPercent":6.9306930693069315,"yPercent":36},{"label":"Straight to Work","x":393,"y":161,"xPercent":55.58698727015559,"yPercent":32.2},{"label":"Audit","x":598,"y":168,"xPercent":84.58274398868458,"yPercent":33.6},{"label":"Aftercare","x":677,"y":180,"xPercent":95.75671852899575,"yPercent":36},{"label":"Training","x":516,"y":202,"xPercent":72.98444130127298,"yPercent":40.400000000000006},{"label":"Transition","x":134,"y":175,"xPercent":18.95332390381895,"yPercent":35},{"label":"Approach","x":177,"y":171,"xPercent":25.035360678925034,"yPercent":34.2},{"label":"Layout","x":246,"y":157,"xPercent":34.794908062234796,"yPercent":31.4},{"label":"Diagnostics","x":308,"y":157,"xPercent":43.56435643564357,"yPercent":31.4},{"label":"Strategic Integration Meeting (SIM)","x":340,"y":198,"xPercent":48.090523338048094,"yPercent":39.6},{"label":"Installation","x":505,"y":171,"xPercent":71.42857142857143,"yPercent":34.2},{"label":"System","x":420,"y":172,"xPercent":59.4059405940594,"yPercent":34.4},{"label":"Evaluation","x":444,"y":150,"xPercent":62.800565770862804,"yPercent":30}]', 0, 0);
INSERT OR IGNORE INTO user_answers (id, attempt_id, question_id, answer_option_id, answer_text, is_correct, points_earned) VALUES (70, 14, 13, NULL, '["51","53","54"]', 0, 0);
INSERT OR IGNORE INTO user_answers (id, attempt_id, question_id, answer_option_id, answer_text, is_correct, points_earned) VALUES (71, 14, 14, NULL, '{"Need":"Supervisory training and on-the-job coaching","Scope":"OTIF in Packaging","Measures":"External factors (supply, demand, cost increases...)","Roles":"Sponsor: Mr Brown","Vision":"Install the necessary skills and process to improve availability","Risk":"Industry remains very competitive","Timeline":"Commit & Install (week 9-12)","Accountability":"I hearby assume accountability.."}', 0, 0);
INSERT OR IGNORE INTO user_answers (id, attempt_id, question_id, answer_option_id, answer_text, is_correct, points_earned) VALUES (72, 14, 15, NULL, '["Base","KPIs","Opportunity","Value","Mechanism","Value Driver"]', 0, 0);
INSERT OR IGNORE INTO user_answers (id, attempt_id, question_id, answer_option_id, answer_text, is_correct, points_earned) VALUES (73, 14, 16, NULL, '["management","practice"]', 0, 0);
INSERT OR IGNORE INTO user_answers (id, attempt_id, question_id, answer_option_id, answer_text, is_correct, points_earned) VALUES (74, 14, 17, NULL, '["Transition & Approach","Analysis Operations Consultation","Pre-SIM","SIM","Layout","Pre-Implementation","Mid-Implementation","Completion"]', 0, 0);
INSERT OR IGNORE INTO user_answers (id, attempt_id, question_id, answer_option_id, answer_text, is_correct, points_earned) VALUES (75, 14, 18, NULL, '4', 0, 0);
INSERT OR IGNORE INTO user_answers (id, attempt_id, question_id, answer_option_id, answer_text, is_correct, points_earned) VALUES (76, 14, 19, 56, '56', 1, 1);
INSERT OR IGNORE INTO user_answers (id, attempt_id, question_id, answer_option_id, answer_text, is_correct, points_earned) VALUES (77, 15, 10, NULL, '["41","43","45"]', 1, 1);
INSERT OR IGNORE INTO user_answers (id, attempt_id, question_id, answer_option_id, answer_text, is_correct, points_earned) VALUES (78, 15, 11, NULL, '["Analysis","Governance","Focus Process","Development","Implementation","Sustainability"]', 1, 1);
INSERT OR IGNORE INTO user_answers (id, attempt_id, question_id, answer_option_id, answer_text, is_correct, points_earned) VALUES (79, 15, 12, NULL, '[{"label":"Analysis","x":26,"y":152,"xPercent":3.6775106082036775,"yPercent":30.4},{"label":"Diagnostics","x":101,"y":172,"xPercent":14.285714285714285,"yPercent":34.4},{"label":"Approach","x":329,"y":166,"xPercent":46.53465346534654,"yPercent":33.2},{"label":"Evaluation","x":449,"y":179,"xPercent":63.5077793493635,"yPercent":35.8},{"label":"Aftercare","x":661,"y":171,"xPercent":93.49363507779348,"yPercent":34.2},{"label":"Audit","x":581,"y":183,"xPercent":82.17821782178217,"yPercent":36.6},{"label":"System","x":474,"y":155,"xPercent":67.04384724186704,"yPercent":31},{"label":"Installation","x":541,"y":168,"xPercent":76.52050919377652,"yPercent":33.6},{"label":"Training","x":532,"y":201,"xPercent":75.24752475247524,"yPercent":40.2},{"label":"Strategic Integration Meeting (SIM)","x":311,"y":202,"xPercent":43.988684582743986,"yPercent":40.400000000000006},{"label":"Layout","x":231,"y":159,"xPercent":32.67326732673268,"yPercent":31.8},{"label":"Straight to Work","x":205,"y":167,"xPercent":28.995756718528998,"yPercent":33.4},{"label":"Transition","x":381,"y":163,"xPercent":53.88967468175389,"yPercent":32.6}]', 0, 0);
INSERT OR IGNORE INTO user_answers (id, attempt_id, question_id, answer_option_id, answer_text, is_correct, points_earned) VALUES (80, 15, 13, NULL, '["46","47","48","49","50"]', 1, 2);
INSERT OR IGNORE INTO user_answers (id, attempt_id, question_id, answer_option_id, answer_text, is_correct, points_earned) VALUES (81, 15, 14, NULL, '{"Need":"Industry remains very competitive","Scope":"Supervisory training and on-the-job coaching","Measures":"OTIF in Packaging","Roles":"Sponsor: Mr Brown","Vision":"Install the necessary skills and process to improve availability","Risk":"External factors (supply, demand, cost increases...)","Timeline":"Commit & Install (week 9-12)","Accountability":"I hearby assume accountability.."}', 1, 5);
INSERT OR IGNORE INTO user_answers (id, attempt_id, question_id, answer_option_id, answer_text, is_correct, points_earned) VALUES (82, 15, 15, NULL, '["Value","Mechanism","Value Driver","Opportunity","KPIs","Base"]', 1, 1);
INSERT OR IGNORE INTO user_answers (id, attempt_id, question_id, answer_option_id, answer_text, is_correct, points_earned) VALUES (83, 15, 16, NULL, '["milestone","plan"]', 1, 2);
INSERT OR IGNORE INTO user_answers (id, attempt_id, question_id, answer_option_id, answer_text, is_correct, points_earned) VALUES (84, 15, 17, NULL, '["Analysis Operations Consultation","Transition & Approach","Layout","Pre-SIM","SIM","Pre-Implementation","Mid-Implementation","Completion"]', 1, 2);
INSERT OR IGNORE INTO user_answers (id, attempt_id, question_id, answer_option_id, answer_text, is_correct, points_earned) VALUES (85, 16, 10, NULL, '["41","43","45"]', 1, 1);
INSERT OR IGNORE INTO user_answers (id, attempt_id, question_id, answer_option_id, answer_text, is_correct, points_earned) VALUES (86, 15, 18, NULL, '7', 1, 1);
INSERT OR IGNORE INTO user_answers (id, attempt_id, question_id, answer_option_id, answer_text, is_correct, points_earned) VALUES (87, 16, 11, NULL, '["Analysis","Governance","Focus Process","Development","Implementation","Sustainability"]', 1, 1);
INSERT OR IGNORE INTO user_answers (id, attempt_id, question_id, answer_option_id, answer_text, is_correct, points_earned) VALUES (88, 15, 19, 56, '56', 1, 1);
INSERT OR IGNORE INTO user_answers (id, attempt_id, question_id, answer_option_id, answer_text, is_correct, points_earned) VALUES (89, 16, 12, NULL, '[{"label":"Analysis","x":26,"y":152,"xPercent":3.6775106082036775,"yPercent":30.4},{"label":"Diagnostics","x":101,"y":172,"xPercent":14.285714285714285,"yPercent":34.4},{"label":"Approach","x":329,"y":166,"xPercent":46.53465346534654,"yPercent":33.2},{"label":"Evaluation","x":449,"y":179,"xPercent":63.5077793493635,"yPercent":35.8},{"label":"Aftercare","x":661,"y":171,"xPercent":93.49363507779348,"yPercent":34.2},{"label":"Audit","x":581,"y":183,"xPercent":82.17821782178217,"yPercent":36.6},{"label":"System","x":474,"y":155,"xPercent":67.04384724186704,"yPercent":31},{"label":"Installation","x":541,"y":168,"xPercent":76.52050919377652,"yPercent":33.6},{"label":"Training","x":532,"y":201,"xPercent":75.24752475247524,"yPercent":40.2},{"label":"Strategic Integration Meeting (SIM)","x":311,"y":202,"xPercent":43.988684582743986,"yPercent":40.400000000000006},{"label":"Layout","x":231,"y":159,"xPercent":32.67326732673268,"yPercent":31.8},{"label":"Straight to Work","x":205,"y":167,"xPercent":28.995756718528998,"yPercent":33.4},{"label":"Transition","x":381,"y":163,"xPercent":53.88967468175389,"yPercent":32.6}]', 0, 0);
INSERT OR IGNORE INTO user_answers (id, attempt_id, question_id, answer_option_id, answer_text, is_correct, points_earned) VALUES (90, 16, 13, NULL, '["46","47","48","49","50"]', 1, 2);
INSERT OR IGNORE INTO user_answers (id, attempt_id, question_id, answer_option_id, answer_text, is_correct, points_earned) VALUES (91, 16, 14, NULL, '{"Need":"Industry remains very competitive","Scope":"Supervisory training and on-the-job coaching","Measures":"OTIF in Packaging","Roles":"Sponsor: Mr Brown","Vision":"Install the necessary skills and process to improve availability","Risk":"External factors (supply, demand, cost increases...)","Timeline":"Commit & Install (week 9-12)","Accountability":"I hearby assume accountability.."}', 1, 5);
INSERT OR IGNORE INTO user_answers (id, attempt_id, question_id, answer_option_id, answer_text, is_correct, points_earned) VALUES (92, 16, 15, NULL, '["Value","Mechanism","Value Driver","Opportunity","KPIs","Base"]', 1, 1);
INSERT OR IGNORE INTO user_answers (id, attempt_id, question_id, answer_option_id, answer_text, is_correct, points_earned) VALUES (93, 16, 16, NULL, '["milestone","plan"]', 1, 2);
INSERT OR IGNORE INTO user_answers (id, attempt_id, question_id, answer_option_id, answer_text, is_correct, points_earned) VALUES (94, 16, 17, NULL, '["Analysis Operations Consultation","Transition & Approach","Layout","Pre-SIM","SIM","Pre-Implementation","Mid-Implementation","Completion"]', 1, 2);
INSERT OR IGNORE INTO user_answers (id, attempt_id, question_id, answer_option_id, answer_text, is_correct, points_earned) VALUES (95, 16, 18, NULL, '7', 1, 1);
INSERT OR IGNORE INTO user_answers (id, attempt_id, question_id, answer_option_id, answer_text, is_correct, points_earned) VALUES (96, 16, 19, 56, '56', 1, 1);
INSERT OR IGNORE INTO user_answers (id, attempt_id, question_id, answer_option_id, answer_text, is_correct, points_earned) VALUES (97, 17, 10, NULL, '["41","43","45"]', 1, 1);
INSERT OR IGNORE INTO user_answers (id, attempt_id, question_id, answer_option_id, answer_text, is_correct, points_earned) VALUES (98, 17, 11, NULL, '["Analysis","Governance","Focus Process","Development","Implementation","Sustainability"]', 1, 1);
INSERT OR IGNORE INTO user_answers (id, attempt_id, question_id, answer_option_id, answer_text, is_correct, points_earned) VALUES (99, 17, 12, NULL, '[{"label":"Analysis","x":41,"y":137,"xPercent":4.67502850627138,"yPercent":27.400000000000002},{"label":"Straight to Work","x":68,"y":200,"xPercent":7.753705815279361,"yPercent":40},{"label":"Transition","x":148,"y":147,"xPercent":16.875712656784494,"yPercent":29.4},{"label":"Approach","x":238,"y":151,"xPercent":27.137970353477765,"yPercent":30.2},{"label":"Layout","x":315,"y":135,"xPercent":35.91790193842645,"yPercent":27},{"label":"Diagnostics","x":408,"y":142,"xPercent":46.52223489167617,"yPercent":28.4},{"label":"Evaluation","x":378,"y":222,"xPercent":43.10148232611174,"yPercent":44.4},{"label":"Strategic Integration Meeting (SIM)","x":474,"y":135,"xPercent":54.0478905359179,"yPercent":27},{"label":"System","x":566,"y":143,"xPercent":64.5381984036488,"yPercent":28.599999999999998},{"label":"Installation","x":646,"y":132,"xPercent":73.66020524515393,"yPercent":26.400000000000002},{"label":"Training","x":639,"y":196,"xPercent":72.86202964652223,"yPercent":39.2},{"label":"Audit","x":759,"y":137,"xPercent":86.54503990877993,"yPercent":27.400000000000002},{"label":"Aftercare","x":840,"y":157,"xPercent":95.78107183580387,"yPercent":31.4}]', 0, 0);
INSERT OR IGNORE INTO user_answers (id, attempt_id, question_id, answer_option_id, answer_text, is_correct, points_earned) VALUES (100, 17, 13, NULL, '["46","47","48","49","50"]', 1, 2);
INSERT OR IGNORE INTO user_answers (id, attempt_id, question_id, answer_option_id, answer_text, is_correct, points_earned) VALUES (101, 17, 14, NULL, '{"Need":"Industry remains very competitive","Scope":"Supervisory training and on-the-job coaching","Measures":"OTIF in Packaging","Roles":"Sponsor: Mr Brown","Vision":"Install the necessary skills and process to improve availability","Risk":"External factors (supply, demand, cost increases...)","Timeline":"Commit & Install (week 9-12)","Accountability":"I hearby assume accountability.."}', 1, 5);
INSERT OR IGNORE INTO user_answers (id, attempt_id, question_id, answer_option_id, answer_text, is_correct, points_earned) VALUES (102, 17, 15, NULL, '["Value","Mechanism","Value Driver","Opportunity","KPIs","Base"]', 1, 1);
INSERT OR IGNORE INTO user_answers (id, attempt_id, question_id, answer_option_id, answer_text, is_correct, points_earned) VALUES (103, 17, 16, NULL, '["milestone","plan"]', 1, 2);
INSERT OR IGNORE INTO user_answers (id, attempt_id, question_id, answer_option_id, answer_text, is_correct, points_earned) VALUES (104, 17, 17, NULL, '["Analysis Operations Consultation","Transition & Approach","Layout","Pre-SIM","SIM","Pre-Implementation","Mid-Implementation","Completion"]', 1, 2);
INSERT OR IGNORE INTO user_answers (id, attempt_id, question_id, answer_option_id, answer_text, is_correct, points_earned) VALUES (105, 17, 18, NULL, '7', 1, 1);
INSERT OR IGNORE INTO user_answers (id, attempt_id, question_id, answer_option_id, answer_text, is_correct, points_earned) VALUES (106, 17, 19, 56, '56', 1, 1);
INSERT OR IGNORE INTO user_answers (id, attempt_id, question_id, answer_option_id, answer_text, is_correct, points_earned) VALUES (107, 18, 10, NULL, '["41","43","45"]', 1, 1);
INSERT OR IGNORE INTO user_answers (id, attempt_id, question_id, answer_option_id, answer_text, is_correct, points_earned) VALUES (108, 18, 11, NULL, '["Analysis","Governance","Focus Process","Development","Implementation","Sustainability"]', 1, 1);
INSERT OR IGNORE INTO user_answers (id, attempt_id, question_id, answer_option_id, answer_text, is_correct, points_earned) VALUES (109, 18, 12, NULL, '[{"label":"Analysis","x":29,"y":125,"xPercent":3.30672748004561,"yPercent":25},{"label":"Straight to Work","x":9,"y":221,"xPercent":1.0262257696693273,"yPercent":44.2},{"label":"Transition","x":156,"y":130,"xPercent":17.787913340935006,"yPercent":26},{"label":"Approach","x":234,"y":158,"xPercent":26.68187001140251,"yPercent":31.6},{"label":"Layout","x":298,"y":147,"xPercent":33.97947548460662,"yPercent":29.4},{"label":"Diagnostics","x":398,"y":123,"xPercent":45.38198403648803,"yPercent":24.6},{"label":"Evaluation","x":394,"y":206,"xPercent":44.925883694412775,"yPercent":41.199999999999996},{"label":"Strategic Integration Meeting (SIM)","x":494,"y":137,"xPercent":56.32839224629419,"yPercent":27.400000000000002},{"label":"System","x":571,"y":151,"xPercent":65.10832383124287,"yPercent":30.2},{"label":"Installation","x":640,"y":136,"xPercent":72.97605473204105,"yPercent":27.200000000000003},{"label":"Training","x":633,"y":201,"xPercent":72.17787913340935,"yPercent":40.2},{"label":"Audit","x":753,"y":137,"xPercent":85.86088939566704,"yPercent":27.400000000000002},{"label":"Aftercare","x":788,"y":153,"xPercent":89.85176738882555,"yPercent":30.599999999999998}]', 0, 0);
INSERT OR IGNORE INTO user_answers (id, attempt_id, question_id, answer_option_id, answer_text, is_correct, points_earned) VALUES (110, 18, 13, NULL, '["46","47","48","49","50"]', 1, 2);
INSERT OR IGNORE INTO user_answers (id, attempt_id, question_id, answer_option_id, answer_text, is_correct, points_earned) VALUES (111, 18, 14, NULL, '{"Need":"Industry remains very competitive","Scope":"Supervisory training and on-the-job coaching","Measures":"OTIF in Packaging","Roles":"Sponsor: Mr Brown","Vision":"Install the necessary skills and process to improve availability","Risk":"External factors (supply, demand, cost increases...)","Timeline":"Commit & Install (week 9-12)","Accountability":"I hearby assume accountability.."}', 1, 5);
INSERT OR IGNORE INTO user_answers (id, attempt_id, question_id, answer_option_id, answer_text, is_correct, points_earned) VALUES (112, 18, 15, NULL, '["Value","Mechanism","Value Driver","Opportunity","KPIs","Base"]', 1, 1);
INSERT OR IGNORE INTO user_answers (id, attempt_id, question_id, answer_option_id, answer_text, is_correct, points_earned) VALUES (113, 18, 16, NULL, '["milestone","plsn"]', 0, 0);
INSERT OR IGNORE INTO user_answers (id, attempt_id, question_id, answer_option_id, answer_text, is_correct, points_earned) VALUES (114, 18, 17, NULL, '["Analysis Operations Consultation","Transition & Approach","Layout","Pre-SIM","SIM","Pre-Implementation","Mid-Implementation","Completion"]', 1, 2);
INSERT OR IGNORE INTO user_answers (id, attempt_id, question_id, answer_option_id, answer_text, is_correct, points_earned) VALUES (115, 18, 18, NULL, '7', 1, 1);
INSERT OR IGNORE INTO user_answers (id, attempt_id, question_id, answer_option_id, answer_text, is_correct, points_earned) VALUES (116, 18, 19, 56, '56', 1, 1);
INSERT OR IGNORE INTO user_answers (id, attempt_id, question_id, answer_option_id, answer_text, is_correct, points_earned) VALUES (117, 19, 10, NULL, NULL, 0, 0);
INSERT OR IGNORE INTO user_answers (id, attempt_id, question_id, answer_option_id, answer_text, is_correct, points_earned) VALUES (118, 19, 11, NULL, NULL, 0, 0);
INSERT OR IGNORE INTO user_answers (id, attempt_id, question_id, answer_option_id, answer_text, is_correct, points_earned) VALUES (119, 19, 12, NULL, NULL, 0, 0);
INSERT OR IGNORE INTO user_answers (id, attempt_id, question_id, answer_option_id, answer_text, is_correct, points_earned) VALUES (120, 19, 13, NULL, NULL, 0, 0);
INSERT OR IGNORE INTO user_answers (id, attempt_id, question_id, answer_option_id, answer_text, is_correct, points_earned) VALUES (121, 19, 14, NULL, NULL, 0, 0);
INSERT OR IGNORE INTO user_answers (id, attempt_id, question_id, answer_option_id, answer_text, is_correct, points_earned) VALUES (122, 19, 15, NULL, NULL, 0, 0);
INSERT OR IGNORE INTO user_answers (id, attempt_id, question_id, answer_option_id, answer_text, is_correct, points_earned) VALUES (123, 19, 16, NULL, '["milestone","plan"]', 1, 2);
INSERT OR IGNORE INTO user_answers (id, attempt_id, question_id, answer_option_id, answer_text, is_correct, points_earned) VALUES (124, 19, 17, NULL, NULL, 0, 0);
INSERT OR IGNORE INTO user_answers (id, attempt_id, question_id, answer_option_id, answer_text, is_correct, points_earned) VALUES (125, 19, 18, NULL, '7', 1, 1);
INSERT OR IGNORE INTO user_answers (id, attempt_id, question_id, answer_option_id, answer_text, is_correct, points_earned) VALUES (126, 19, 19, 56, '56', 1, 1);
INSERT OR IGNORE INTO user_answers (id, attempt_id, question_id, answer_option_id, answer_text, is_correct, points_earned) VALUES (127, 20, 10, NULL, '["41","43","45"]', 1, 1);
INSERT OR IGNORE INTO user_answers (id, attempt_id, question_id, answer_option_id, answer_text, is_correct, points_earned) VALUES (128, 20, 11, NULL, '["Analysis","Governance","Focus Process","Development","Implementation","Sustainability"]', 1, 1);
INSERT OR IGNORE INTO user_answers (id, attempt_id, question_id, answer_option_id, answer_text, is_correct, points_earned) VALUES (129, 20, 12, NULL, '[{"label":"Analysis","x":64,"y":152,"xPercent":7.297605473204105,"yPercent":30.4},{"label":"Straight to Work","x":50,"y":192,"xPercent":5.701254275940707,"yPercent":38.4},{"label":"Transition","x":158,"y":138,"xPercent":18.015963511972636,"yPercent":27.6},{"label":"Approach","x":250,"y":137,"xPercent":28.506271379703534,"yPercent":27.400000000000002},{"label":"Layout","x":284,"y":145,"xPercent":32.383124287343215,"yPercent":28.999999999999996},{"label":"Diagnostics","x":371,"y":137,"xPercent":42.30330672748004,"yPercent":27.400000000000002},{"label":"Evaluation","x":390,"y":198,"xPercent":44.469783352337515,"yPercent":39.6},{"label":"Strategic Integration Meeting (SIM)","x":483,"y":146,"xPercent":55.074116305587225,"yPercent":29.2},{"label":"System","x":558,"y":127,"xPercent":63.625997719498294,"yPercent":25.4},{"label":"Installation","x":666,"y":150,"xPercent":75.94070695553022,"yPercent":30},{"label":"Training","x":666,"y":187,"xPercent":75.94070695553022,"yPercent":37.4},{"label":"Audit","x":738,"y":128,"xPercent":84.15051311288484,"yPercent":25.6},{"label":"Aftercare","x":825,"y":136,"xPercent":94.07069555302166,"yPercent":27.200000000000003}]', 0, 0);
INSERT OR IGNORE INTO user_answers (id, attempt_id, question_id, answer_option_id, answer_text, is_correct, points_earned) VALUES (130, 20, 13, NULL, '["46","47","48","49","50"]', 1, 2);
INSERT OR IGNORE INTO user_answers (id, attempt_id, question_id, answer_option_id, answer_text, is_correct, points_earned) VALUES (131, 20, 14, NULL, '{"Need":"Industry remains very competitive","Scope":"Supervisory training and on-the-job coaching","Measures":"OTIF in Packaging","Roles":"Sponsor: Mr Brown","Vision":"Install the necessary skills and process to improve availability","Risk":"External factors (supply, demand, cost increases...)","Timeline":"Commit & Install (week 9-12)","Accountability":"I hearby assume accountability.."}', 1, 5);
INSERT OR IGNORE INTO user_answers (id, attempt_id, question_id, answer_option_id, answer_text, is_correct, points_earned) VALUES (132, 20, 15, NULL, '["Value","Mechanism","Value Driver","Opportunity","KPIs","Base"]', 1, 1);
INSERT OR IGNORE INTO user_answers (id, attempt_id, question_id, answer_option_id, answer_text, is_correct, points_earned) VALUES (133, 20, 16, NULL, '["Milestone","Plan"]', 1, 2);
INSERT OR IGNORE INTO user_answers (id, attempt_id, question_id, answer_option_id, answer_text, is_correct, points_earned) VALUES (134, 20, 17, NULL, NULL, 0, 0);
INSERT OR IGNORE INTO user_answers (id, attempt_id, question_id, answer_option_id, answer_text, is_correct, points_earned) VALUES (135, 20, 18, NULL, '7', 1, 1);
INSERT OR IGNORE INTO user_answers (id, attempt_id, question_id, answer_option_id, answer_text, is_correct, points_earned) VALUES (136, 20, 19, 56, '56', 1, 1);
INSERT OR IGNORE INTO user_answers (id, attempt_id, question_id, answer_option_id, answer_text, is_correct, points_earned) VALUES (137, 21, 4, 33, '33', 1, 1);
INSERT OR IGNORE INTO user_answers (id, attempt_id, question_id, answer_option_id, answer_text, is_correct, points_earned) VALUES (138, 21, 6, 37, '37', 1, 1);
INSERT OR IGNORE INTO user_answers (id, attempt_id, question_id, answer_option_id, answer_text, is_correct, points_earned) VALUES (139, 21, 8, 39, '39', 1, 1);
INSERT OR IGNORE INTO user_answers (id, attempt_id, question_id, answer_option_id, answer_text, is_correct, points_earned) VALUES (140, 21, 9, NULL, '["Control"]', 1, 1);
INSERT OR IGNORE INTO user_answers (id, attempt_id, question_id, answer_option_id, answer_text, is_correct, points_earned) VALUES (141, 22, 10, NULL, '["219","220"]', 0, 0);
INSERT OR IGNORE INTO user_answers (id, attempt_id, question_id, answer_option_id, answer_text, is_correct, points_earned) VALUES (142, 22, 11, NULL, '["Analysis","Development","Sales","Governance","Implementation","Focus Process","Sustainability"]', 0, 0);
INSERT OR IGNORE INTO user_answers (id, attempt_id, question_id, answer_option_id, answer_text, is_correct, points_earned) VALUES (143, 22, 12, NULL, '[{"label":"Straight to Work","x":196,"y":103,"xPercent":22.34891676168757,"yPercent":20.599999999999998}]', 0, 0);
INSERT OR IGNORE INTO user_answers (id, attempt_id, question_id, answer_option_id, answer_text, is_correct, points_earned) VALUES (144, 22, 13, NULL, '["236"]', 0, 0);
INSERT OR IGNORE INTO user_answers (id, attempt_id, question_id, answer_option_id, answer_text, is_correct, points_earned) VALUES (145, 22, 14, NULL, '{"Vision":"External factors (supply, demand, cost increases...)"}', 0, 0);
INSERT OR IGNORE INTO user_answers (id, attempt_id, question_id, answer_option_id, answer_text, is_correct, points_earned) VALUES (146, 22, 15, NULL, '["Opportunity","Value","Base","Value Driver","Mechanism","KPIs"]', 0, 0);
INSERT OR IGNORE INTO user_answers (id, attempt_id, question_id, answer_option_id, answer_text, is_correct, points_earned) VALUES (147, 22, 16, NULL, '["ads","asd"]', 0, 0);
INSERT OR IGNORE INTO user_answers (id, attempt_id, question_id, answer_option_id, answer_text, is_correct, points_earned) VALUES (148, 22, 17, NULL, '["Mid-Implementation","Analysis Operations Consultation","SIM","Layout","Completion","Transition & Approach","Pre-Implementation","Pre-SIM"]', 0, 0);
INSERT OR IGNORE INTO user_answers (id, attempt_id, question_id, answer_option_id, answer_text, is_correct, points_earned) VALUES (149, 22, 18, NULL, '2', 0, 0);
INSERT OR IGNORE INTO user_answers (id, attempt_id, question_id, answer_option_id, answer_text, is_correct, points_earned) VALUES (150, 22, 19, 56, '56', 1, 1);
INSERT OR IGNORE INTO user_answers (id, attempt_id, question_id, answer_option_id, answer_text, is_correct, points_earned) VALUES (151, 23, 4, 33, '33', 1, 1);
INSERT OR IGNORE INTO user_answers (id, attempt_id, question_id, answer_option_id, answer_text, is_correct, points_earned) VALUES (152, 23, 6, 37, '37', 1, 1);
INSERT OR IGNORE INTO user_answers (id, attempt_id, question_id, answer_option_id, answer_text, is_correct, points_earned) VALUES (153, 23, 8, 39, '39', 1, 1);
INSERT OR IGNORE INTO user_answers (id, attempt_id, question_id, answer_option_id, answer_text, is_correct, points_earned) VALUES (154, 23, 9, NULL, '["Control"]', 1, 1);
INSERT OR IGNORE INTO user_answers (id, attempt_id, question_id, answer_option_id, answer_text, is_correct, points_earned) VALUES (155, 24, 10, NULL, '["219","221","223"]', 1, 1);
INSERT OR IGNORE INTO user_answers (id, attempt_id, question_id, answer_option_id, answer_text, is_correct, points_earned) VALUES (156, 24, 11, NULL, '["Sales","Analysis","Governance","Focus Process","Development","Implementation","Sustainability"]', 0, 0);
INSERT OR IGNORE INTO user_answers (id, attempt_id, question_id, answer_option_id, answer_text, is_correct, points_earned) VALUES (157, 24, 12, NULL, '[{"label":"Analysis","x":53,"y":37,"xPercent":6.0295790671217295,"yPercent":12.457912457912458},{"label":"Straight to Work","x":49,"y":98,"xPercent":5.5745164960182025,"yPercent":32.996632996633},{"label":"Transition","x":150,"y":42,"xPercent":17.064846416382252,"yPercent":14.14141414141414},{"label":"Approach","x":235,"y":42,"xPercent":26.7349260523322,"yPercent":14.14141414141414},{"label":"Layout","x":307,"y":46,"xPercent":34.92605233219568,"yPercent":15.488215488215488},{"label":"Diagnostics","x":383,"y":43,"xPercent":43.57224118316269,"yPercent":14.47811447811448},{"label":"Evaluation","x":386,"y":91,"xPercent":43.91353811149033,"yPercent":30.63973063973064},{"label":"Strategic Integration Meeting (SIM)","x":476,"y":40,"xPercent":54.152445961319685,"yPercent":13.468013468013467},{"label":"System","x":561,"y":42,"xPercent":63.82252559726962,"yPercent":14.14141414141414},{"label":"Installation","x":653,"y":43,"xPercent":74.28896473265074,"yPercent":14.47811447811448},{"label":"Training","x":649,"y":89,"xPercent":73.83390216154721,"yPercent":29.96632996632997},{"label":"Audit","x":746,"y":40,"xPercent":84.86916951080774,"yPercent":13.468013468013467},{"label":"Aftercare","x":823,"y":44,"xPercent":93.62912400455062,"yPercent":14.814814814814813}]', 0, 0);
INSERT OR IGNORE INTO user_answers (id, attempt_id, question_id, answer_option_id, answer_text, is_correct, points_earned) VALUES (158, 24, 13, NULL, '["233","234","235","236","237","238","239","240"]', 0, 0);
INSERT OR IGNORE INTO user_answers (id, attempt_id, question_id, answer_option_id, answer_text, is_correct, points_earned) VALUES (159, 24, 14, NULL, '{"Need":"Industry remains very competitive","Scope":"OTIF in Packaging","Measures":"Supervisory training and on-the-job coaching","Roles":"Install the necessary skills and process to improve availability","Vision":"Commit & Install (week 9-12)","Risk":"External factors (supply, demand, cost increases...)","Timeline":"I hearby assume accountability..","Accountability":"Sponsor: Mr Brown"}', 0, 0);
INSERT OR IGNORE INTO user_answers (id, attempt_id, question_id, answer_option_id, answer_text, is_correct, points_earned) VALUES (160, 24, 15, NULL, NULL, 0, 0);
INSERT OR IGNORE INTO user_answers (id, attempt_id, question_id, answer_option_id, answer_text, is_correct, points_earned) VALUES (161, 24, 16, NULL, '["Milestone","Process"]', 0, 0);
INSERT OR IGNORE INTO user_answers (id, attempt_id, question_id, answer_option_id, answer_text, is_correct, points_earned) VALUES (162, 24, 17, NULL, '["Analysis Operations Consultation","Transition & Approach","Layout","Pre-SIM","SIM","Pre-Implementation","Mid-Implementation","Completion"]', 1, 2);
INSERT OR IGNORE INTO user_answers (id, attempt_id, question_id, answer_option_id, answer_text, is_correct, points_earned) VALUES (163, 24, 18, NULL, '7', 1, 1);
INSERT OR IGNORE INTO user_answers (id, attempt_id, question_id, answer_option_id, answer_text, is_correct, points_earned) VALUES (164, 24, 19, 56, '56', 1, 1);
INSERT OR IGNORE INTO user_answers (id, attempt_id, question_id, answer_option_id, answer_text, is_correct, points_earned) VALUES (165, 25, 10, NULL, NULL, 0, 0);
INSERT OR IGNORE INTO user_answers (id, attempt_id, question_id, answer_option_id, answer_text, is_correct, points_earned) VALUES (166, 25, 11, NULL, NULL, 0, 0);
INSERT OR IGNORE INTO user_answers (id, attempt_id, question_id, answer_option_id, answer_text, is_correct, points_earned) VALUES (167, 25, 12, NULL, '[{"label":"Analysis","x":48,"y":55,"xPercent":5.473204104903079,"yPercent":18.51851851851852},{"label":"Straight to Work","x":43,"y":96,"xPercent":4.903078677309008,"yPercent":32.323232323232325},{"label":"Transition","x":145,"y":53,"xPercent":16.53363740022805,"yPercent":17.845117845117844},{"label":"Approach","x":228,"y":42,"xPercent":25.997719498289623,"yPercent":14.14141414141414},{"label":"Layout","x":307,"y":42,"xPercent":35.00570125427594,"yPercent":14.14141414141414},{"label":"Diagnostics","x":395,"y":45,"xPercent":45.03990877993159,"yPercent":15.151515151515152},{"label":"Evaluation","x":377,"y":98,"xPercent":42.98745724059293,"yPercent":32.996632996633},{"label":"Strategic Integration Meeting (SIM)","x":478,"y":39,"xPercent":54.50399087799316,"yPercent":13.131313131313133},{"label":"System","x":562,"y":32,"xPercent":64.08209806157355,"yPercent":10.774410774410773},{"label":"Installation","x":651,"y":45,"xPercent":74.230330672748,"yPercent":15.151515151515152},{"label":"Training","x":660,"y":104,"xPercent":75.25655644241733,"yPercent":35.01683501683502},{"label":"Audit","x":737,"y":46,"xPercent":84.03648802736602,"yPercent":15.488215488215488},{"label":"Aftercare","x":813,"y":36,"xPercent":92.7023945267959,"yPercent":12.121212121212121}]', 0, 0);
INSERT OR IGNORE INTO user_answers (id, attempt_id, question_id, answer_option_id, answer_text, is_correct, points_earned) VALUES (168, 25, 13, NULL, NULL, 0, 0);
INSERT OR IGNORE INTO user_answers (id, attempt_id, question_id, answer_option_id, answer_text, is_correct, points_earned) VALUES (169, 25, 14, NULL, NULL, 0, 0);
INSERT OR IGNORE INTO user_answers (id, attempt_id, question_id, answer_option_id, answer_text, is_correct, points_earned) VALUES (170, 25, 15, NULL, NULL, 0, 0);
INSERT OR IGNORE INTO user_answers (id, attempt_id, question_id, answer_option_id, answer_text, is_correct, points_earned) VALUES (171, 25, 16, NULL, '[".,",".,m"]', 0, 0);
INSERT OR IGNORE INTO user_answers (id, attempt_id, question_id, answer_option_id, answer_text, is_correct, points_earned) VALUES (172, 25, 17, NULL, NULL, 0, 0);
INSERT OR IGNORE INTO user_answers (id, attempt_id, question_id, answer_option_id, answer_text, is_correct, points_earned) VALUES (173, 25, 18, NULL, '0', 0, 0);
INSERT OR IGNORE INTO user_answers (id, attempt_id, question_id, answer_option_id, answer_text, is_correct, points_earned) VALUES (174, 25, 19, 55, '55', 0, 0);
INSERT OR IGNORE INTO user_answers (id, attempt_id, question_id, answer_option_id, answer_text, is_correct, points_earned) VALUES (175, 26, 10, NULL, '["219","221","223"]', 1, 1);
INSERT OR IGNORE INTO user_answers (id, attempt_id, question_id, answer_option_id, answer_text, is_correct, points_earned) VALUES (176, 26, 11, NULL, '["Analysis","Governance","Focus Process","Development","Implementation","Sustainability","Sales"]', 1, 1);
INSERT OR IGNORE INTO user_answers (id, attempt_id, question_id, answer_option_id, answer_text, is_correct, points_earned) VALUES (177, 26, 12, NULL, '[{"label":"Analysis","x":45,"y":32,"xPercent":5.131128848346636,"yPercent":10.774410774410773},{"label":"Straight to Work","x":38,"y":96,"xPercent":4.3329532497149374,"yPercent":32.323232323232325},{"label":"Transition","x":146,"y":48,"xPercent":16.647662485746864,"yPercent":16.161616161616163},{"label":"Approach","x":243,"y":48,"xPercent":27.708095781071833,"yPercent":16.161616161616163},{"label":"Layout","x":304,"y":35,"xPercent":34.6636259977195,"yPercent":11.784511784511785},{"label":"Strategic Integration Meeting (SIM)","x":478,"y":35,"xPercent":54.50399087799316,"yPercent":11.784511784511785},{"label":"System","x":570,"y":35,"xPercent":64.99429874572405,"yPercent":11.784511784511785},{"label":"Diagnostics","x":393,"y":62,"xPercent":44.81185860889396,"yPercent":20.875420875420875},{"label":"Evaluation","x":388,"y":91,"xPercent":44.241733181299885,"yPercent":30.63973063973064},{"label":"Installation","x":663,"y":62,"xPercent":75.59863169897378,"yPercent":20.875420875420875},{"label":"Training","x":659,"y":96,"xPercent":75.14253135689853,"yPercent":32.323232323232325},{"label":"Audit","x":750,"y":43,"xPercent":85.5188141391106,"yPercent":14.47811447811448},{"label":"Aftercare","x":813,"y":37,"xPercent":92.7023945267959,"yPercent":12.457912457912458}]', 0, 0);
INSERT OR IGNORE INTO user_answers (id, attempt_id, question_id, answer_option_id, answer_text, is_correct, points_earned) VALUES (178, 26, 13, NULL, '["233","235","237","239","240"]', 1, 2);
INSERT OR IGNORE INTO user_answers (id, attempt_id, question_id, answer_option_id, answer_text, is_correct, points_earned) VALUES (179, 26, 14, NULL, '{"Need":"Industry remains very competitive","Scope":"Supervisory training and on-the-job coaching","Measures":"OTIF in Packaging","Roles":"Sponsor: Mr Brown","Vision":"Install the necessary skills and process to improve availability","Risk":"External factors (supply, demand, cost increases...)","Timeline":"Commit & Install (week 9-12)","Accountability":"I hearby assume accountability.."}', 1, 5);
INSERT OR IGNORE INTO user_answers (id, attempt_id, question_id, answer_option_id, answer_text, is_correct, points_earned) VALUES (180, 26, 15, NULL, '["Value","Mechanism","Value Driver","Opportunity","KPIs","Base"]', 1, 1);
INSERT OR IGNORE INTO user_answers (id, attempt_id, question_id, answer_option_id, answer_text, is_correct, points_earned) VALUES (181, 26, 16, NULL, '["Milestone","Plan"]', 1, 2);
INSERT OR IGNORE INTO user_answers (id, attempt_id, question_id, answer_option_id, answer_text, is_correct, points_earned) VALUES (182, 26, 17, NULL, '["Analysis Operations Consultation","Transition & Approach","Layout","Pre-SIM","SIM","Pre-Implementation","Mid-Implementation","Completion"]', 1, 2);
INSERT OR IGNORE INTO user_answers (id, attempt_id, question_id, answer_option_id, answer_text, is_correct, points_earned) VALUES (183, 26, 18, NULL, '7', 1, 1);
INSERT OR IGNORE INTO user_answers (id, attempt_id, question_id, answer_option_id, answer_text, is_correct, points_earned) VALUES (184, 26, 19, 56, '56', 1, 1);
INSERT OR IGNORE INTO user_answers (id, attempt_id, question_id, answer_option_id, answer_text, is_correct, points_earned) VALUES (185, 27, 10, NULL, '["219","221","223"]', 1, 1);
INSERT OR IGNORE INTO user_answers (id, attempt_id, question_id, answer_option_id, answer_text, is_correct, points_earned) VALUES (186, 27, 11, NULL, '["Analysis","Governance","Focus Process","Development","Implementation","Sustainability","Sales"]', 1, 1);
INSERT OR IGNORE INTO user_answers (id, attempt_id, question_id, answer_option_id, answer_text, is_correct, points_earned) VALUES (187, 27, 12, NULL, '[{"label":"Analysis","x":54,"y":37,"xPercent":6.1573546180159635,"yPercent":12.457912457912458},{"label":"Straight to Work","x":47,"y":91,"xPercent":5.359179019384264,"yPercent":30.63973063973064},{"label":"Transition","x":150,"y":46,"xPercent":17.103762827822123,"yPercent":15.488215488215488},{"label":"Approach","x":240,"y":47,"xPercent":27.366020524515395,"yPercent":15.824915824915825},{"label":"Layout","x":305,"y":44,"xPercent":34.77765108323831,"yPercent":14.814814814814813},{"label":"Diagnostics","x":377,"y":42,"xPercent":42.98745724059293,"yPercent":14.14141414141414},{"label":"Evaluation","x":387,"y":96,"xPercent":44.127708095781074,"yPercent":32.323232323232325},{"label":"Strategic Integration Meeting (SIM)","x":489,"y":36,"xPercent":55.75826681870011,"yPercent":12.121212121212121},{"label":"System","x":564,"y":33,"xPercent":64.31014823261117,"yPercent":11.11111111111111},{"label":"Installation","x":652,"y":39,"xPercent":74.34435575826683,"yPercent":13.131313131313133},{"label":"Training","x":644,"y":91,"xPercent":73.4321550741163,"yPercent":30.63973063973064},{"label":"Audit","x":743,"y":39,"xPercent":84.72063854047892,"yPercent":13.131313131313133},{"label":"Aftercare","x":825,"y":41,"xPercent":94.07069555302166,"yPercent":13.804713804713806}]', 0, 0);
INSERT OR IGNORE INTO user_answers (id, attempt_id, question_id, answer_option_id, answer_text, is_correct, points_earned) VALUES (188, 27, 13, NULL, '["233","235","237","239","240"]', 1, 2);
INSERT OR IGNORE INTO user_answers (id, attempt_id, question_id, answer_option_id, answer_text, is_correct, points_earned) VALUES (189, 27, 14, NULL, '{"Need":"Industry remains very competitive","Scope":"Supervisory training and on-the-job coaching","Measures":"OTIF in Packaging","Roles":"Sponsor: Mr Brown","Vision":"Install the necessary skills and process to improve availability","Risk":"External factors (supply, demand, cost increases...)","Timeline":"Commit & Install (week 9-12)","Accountability":"I hearby assume accountability.."}', 1, 5);
INSERT OR IGNORE INTO user_answers (id, attempt_id, question_id, answer_option_id, answer_text, is_correct, points_earned) VALUES (190, 27, 15, NULL, '["Value","Mechanism","Value Driver","Opportunity","KPIs","Base"]', 1, 1);
INSERT OR IGNORE INTO user_answers (id, attempt_id, question_id, answer_option_id, answer_text, is_correct, points_earned) VALUES (191, 27, 16, NULL, '["Milestone","Plan"]', 1, 2);
INSERT OR IGNORE INTO user_answers (id, attempt_id, question_id, answer_option_id, answer_text, is_correct, points_earned) VALUES (192, 27, 17, NULL, '["Analysis Operations Consultation","Transition & Approach","Layout","Pre-SIM","SIM","Pre-Implementation","Mid-Implementation","Completion"]', 1, 2);
INSERT OR IGNORE INTO user_answers (id, attempt_id, question_id, answer_option_id, answer_text, is_correct, points_earned) VALUES (193, 27, 18, NULL, '7', 1, 1);
INSERT OR IGNORE INTO user_answers (id, attempt_id, question_id, answer_option_id, answer_text, is_correct, points_earned) VALUES (194, 27, 19, 56, '56', 1, 1);
INSERT OR IGNORE INTO user_answers (id, attempt_id, question_id, answer_option_id, answer_text, is_correct, points_earned) VALUES (195, 28, 10, NULL, '["219","221","223"]', 1, 1);
INSERT OR IGNORE INTO user_answers (id, attempt_id, question_id, answer_option_id, answer_text, is_correct, points_earned) VALUES (196, 28, 11, NULL, '["Analysis","Governance","Focus Process","Development","Implementation","Sustainability","Sales"]', 1, 1);
INSERT OR IGNORE INTO user_answers (id, attempt_id, question_id, answer_option_id, answer_text, is_correct, points_earned) VALUES (197, 28, 12, NULL, '[{"label":"Analysis","x":54,"y":37,"xPercent":6.1573546180159635,"yPercent":12.457912457912458},{"label":"Straight to Work","x":47,"y":91,"xPercent":5.359179019384264,"yPercent":30.63973063973064},{"label":"Transition","x":150,"y":46,"xPercent":17.103762827822123,"yPercent":15.488215488215488},{"label":"Approach","x":240,"y":47,"xPercent":27.366020524515395,"yPercent":15.824915824915825},{"label":"Layout","x":305,"y":44,"xPercent":34.77765108323831,"yPercent":14.814814814814813},{"label":"Diagnostics","x":377,"y":42,"xPercent":42.98745724059293,"yPercent":14.14141414141414},{"label":"Evaluation","x":387,"y":96,"xPercent":44.127708095781074,"yPercent":32.323232323232325},{"label":"Strategic Integration Meeting (SIM)","x":489,"y":36,"xPercent":55.75826681870011,"yPercent":12.121212121212121},{"label":"System","x":564,"y":33,"xPercent":64.31014823261117,"yPercent":11.11111111111111},{"label":"Installation","x":652,"y":39,"xPercent":74.34435575826683,"yPercent":13.131313131313133},{"label":"Training","x":644,"y":91,"xPercent":73.4321550741163,"yPercent":30.63973063973064},{"label":"Audit","x":743,"y":39,"xPercent":84.72063854047892,"yPercent":13.131313131313133},{"label":"Aftercare","x":825,"y":41,"xPercent":94.07069555302166,"yPercent":13.804713804713806}]', 0, 0);
INSERT OR IGNORE INTO user_answers (id, attempt_id, question_id, answer_option_id, answer_text, is_correct, points_earned) VALUES (198, 28, 13, NULL, '["233","235","237","239","240"]', 1, 2);
INSERT OR IGNORE INTO user_answers (id, attempt_id, question_id, answer_option_id, answer_text, is_correct, points_earned) VALUES (199, 28, 14, NULL, '{"Need":"Industry remains very competitive","Scope":"Supervisory training and on-the-job coaching","Measures":"OTIF in Packaging","Roles":"Sponsor: Mr Brown","Vision":"Install the necessary skills and process to improve availability","Risk":"External factors (supply, demand, cost increases...)","Timeline":"Commit & Install (week 9-12)","Accountability":"I hearby assume accountability.."}', 1, 5);
INSERT OR IGNORE INTO user_answers (id, attempt_id, question_id, answer_option_id, answer_text, is_correct, points_earned) VALUES (200, 28, 15, NULL, '["Value","Mechanism","Value Driver","Opportunity","KPIs","Base"]', 1, 1);
INSERT OR IGNORE INTO user_answers (id, attempt_id, question_id, answer_option_id, answer_text, is_correct, points_earned) VALUES (201, 28, 16, NULL, '["Milestone","Plan"]', 1, 2);
INSERT OR IGNORE INTO user_answers (id, attempt_id, question_id, answer_option_id, answer_text, is_correct, points_earned) VALUES (202, 28, 17, NULL, '["Analysis Operations Consultation","Transition & Approach","Layout","Pre-SIM","SIM","Pre-Implementation","Mid-Implementation","Completion"]', 1, 2);
INSERT OR IGNORE INTO user_answers (id, attempt_id, question_id, answer_option_id, answer_text, is_correct, points_earned) VALUES (203, 28, 18, NULL, '7', 1, 1);
INSERT OR IGNORE INTO user_answers (id, attempt_id, question_id, answer_option_id, answer_text, is_correct, points_earned) VALUES (204, 28, 19, 56, '56', 1, 1);
INSERT OR IGNORE INTO user_answers (id, attempt_id, question_id, answer_option_id, answer_text, is_correct, points_earned) VALUES (205, 29, 10, NULL, '["290","292","294"]', 1, 1);
INSERT OR IGNORE INTO user_answers (id, attempt_id, question_id, answer_option_id, answer_text, is_correct, points_earned) VALUES (206, 29, 11, NULL, '["Analysis","Governance","Focus Process","Development","Implementation","Sustainability","Sales"]', 1, 1);
INSERT OR IGNORE INTO user_answers (id, attempt_id, question_id, answer_option_id, answer_text, is_correct, points_earned) VALUES (207, 29, 12, NULL, '[{"label":"Analysis","x":45,"y":32,"xPercent":5.131128848346636,"yPercent":10.774410774410773},{"label":"Transition","x":136,"y":32,"xPercent":15.507411630558723,"yPercent":10.774410774410773},{"label":"Straight to Work","x":54,"y":95,"xPercent":6.1573546180159635,"yPercent":31.986531986531986},{"label":"Approach","x":216,"y":44,"xPercent":24.629418472063854,"yPercent":14.814814814814813},{"label":"Layout","x":311,"y":45,"xPercent":35.461801596351194,"yPercent":15.151515151515152},{"label":"Diagnostics","x":375,"y":37,"xPercent":42.7594070695553,"yPercent":12.457912457912458},{"label":"Evaluation","x":391,"y":101,"xPercent":44.58380843785633,"yPercent":34.00673400673401},{"label":"Strategic Integration Meeting (SIM)","x":482,"y":36,"xPercent":54.96009122006842,"yPercent":12.121212121212121},{"label":"Installation","x":647,"y":39,"xPercent":73.77423033067275,"yPercent":13.131313131313133},{"label":"System","x":565,"y":32,"xPercent":64.42417331812999,"yPercent":10.774410774410773},{"label":"Training","x":657,"y":89,"xPercent":74.9144811858609,"yPercent":29.96632996632997},{"label":"Audit","x":735,"y":50,"xPercent":83.80843785632838,"yPercent":16.835016835016837},{"label":"Aftercare","x":825,"y":46,"xPercent":94.07069555302166,"yPercent":15.488215488215488}]', 0, 0);
INSERT OR IGNORE INTO user_answers (id, attempt_id, question_id, answer_option_id, answer_text, is_correct, points_earned) VALUES (208, 29, 13, NULL, '["233","234","235","236","237","238","239","240"]', 0, 0);
INSERT OR IGNORE INTO user_answers (id, attempt_id, question_id, answer_option_id, answer_text, is_correct, points_earned) VALUES (209, 29, 14, NULL, '{"Need":"Industry remains very competitive","Scope":"Supervisory training and on-the-job coaching","Measures":"OTIF in Packaging","Roles":"Sponsor: Mr Brown","Vision":"Install the necessary skills and process to improve availability","Risk":"External factors (supply, demand, cost increases...)","Timeline":"Commit & Install (week 9-12)","Accountability":"I hearby assume accountability.."}', 1, 5);
INSERT OR IGNORE INTO user_answers (id, attempt_id, question_id, answer_option_id, answer_text, is_correct, points_earned) VALUES (210, 29, 15, NULL, NULL, 0, 0);
INSERT OR IGNORE INTO user_answers (id, attempt_id, question_id, answer_option_id, answer_text, is_correct, points_earned) VALUES (211, 29, 16, NULL, '["why","what"]', 0, 0);
INSERT OR IGNORE INTO user_answers (id, attempt_id, question_id, answer_option_id, answer_text, is_correct, points_earned) VALUES (212, 29, 17, NULL, NULL, 0, 0);
INSERT OR IGNORE INTO user_answers (id, attempt_id, question_id, answer_option_id, answer_text, is_correct, points_earned) VALUES (213, 29, 18, NULL, '6', 0, 0);
INSERT OR IGNORE INTO user_answers (id, attempt_id, question_id, answer_option_id, answer_text, is_correct, points_earned) VALUES (214, 29, 19, 56, '56', 1, 1);
INSERT OR IGNORE INTO user_answers (id, attempt_id, question_id, answer_option_id, answer_text, is_correct, points_earned) VALUES (215, 30, 10, NULL, '["290","292","294"]', 1, 1);
INSERT OR IGNORE INTO user_answers (id, attempt_id, question_id, answer_option_id, answer_text, is_correct, points_earned) VALUES (216, 30, 11, NULL, '["Sales","Analysis","Governance","Focus Process","Development","Implementation","Sustainability"]', 0, 0);
INSERT OR IGNORE INTO user_answers (id, attempt_id, question_id, answer_option_id, answer_text, is_correct, points_earned) VALUES (217, 30, 12, NULL, '[{"label":"Analysis","x":43,"y":46,"xPercent":4.891922639362913,"yPercent":15.488215488215488},{"label":"Straight to Work","x":32,"y":96,"xPercent":3.6405005688282137,"yPercent":32.323232323232325},{"label":"Transition","x":131,"y":40,"xPercent":14.903299203640499,"yPercent":13.468013468013467},{"label":"Approach","x":227,"y":38,"xPercent":25.82480091012514,"yPercent":12.794612794612794},{"label":"Layout","x":317,"y":37,"xPercent":36.063708759954494,"yPercent":12.457912457912458},{"label":"Diagnostics","x":394,"y":36,"xPercent":44.82366325369738,"yPercent":12.121212121212121},{"label":"Evaluation","x":392,"y":98,"xPercent":44.59613196814562,"yPercent":32.996632996633},{"label":"Strategic Integration Meeting (SIM)","x":459,"y":38,"xPercent":52.218430034129696,"yPercent":12.794612794612794},{"label":"System","x":557,"y":43,"xPercent":63.36746302616609,"yPercent":14.47811447811448},{"label":"Installation","x":647,"y":43,"xPercent":73.60637087599545,"yPercent":14.47811447811448},{"label":"Training","x":654,"y":100,"xPercent":74.40273037542661,"yPercent":33.670033670033675},{"label":"Audit","x":744,"y":50,"xPercent":84.64163822525597,"yPercent":16.835016835016837},{"label":"Aftercare","x":819,"y":45,"xPercent":93.1740614334471,"yPercent":15.151515151515152}]', 0, 0);
INSERT OR IGNORE INTO user_answers (id, attempt_id, question_id, answer_option_id, answer_text, is_correct, points_earned) VALUES (218, 30, 13, NULL, '["233","234","235","236","237","238","239","240"]', 0, 0);
INSERT OR IGNORE INTO user_answers (id, attempt_id, question_id, answer_option_id, answer_text, is_correct, points_earned) VALUES (219, 30, 14, NULL, '{"Need":"Industry remains very competitive","Scope":"Supervisory training and on-the-job coaching","Measures":"OTIF in Packaging","Roles":"Sponsor: Mr Brown","Vision":"Install the necessary skills and process to improve availability","Risk":"External factors (supply, demand, cost increases...)","Timeline":"Commit & Install (week 9-12)","Accountability":"I hearby assume accountability.."}', 1, 5);
INSERT OR IGNORE INTO user_answers (id, attempt_id, question_id, answer_option_id, answer_text, is_correct, points_earned) VALUES (220, 30, 15, NULL, '["Value","Mechanism","Value Driver","Opportunity","KPIs","Base"]', 1, 1);
INSERT OR IGNORE INTO user_answers (id, attempt_id, question_id, answer_option_id, answer_text, is_correct, points_earned) VALUES (221, 30, 16, NULL, '["Milestone","Plan"]', 0, 0);
INSERT OR IGNORE INTO user_answers (id, attempt_id, question_id, answer_option_id, answer_text, is_correct, points_earned) VALUES (222, 30, 17, NULL, '["Analysis Operations Consultation","Transition & Approach","Layout","Pre-SIM","SIM","Pre-Implementation","Mid-Implementation","Completion"]', 1, 2);
INSERT OR IGNORE INTO user_answers (id, attempt_id, question_id, answer_option_id, answer_text, is_correct, points_earned) VALUES (223, 30, 18, NULL, '7', 1, 1);
INSERT OR IGNORE INTO user_answers (id, attempt_id, question_id, answer_option_id, answer_text, is_correct, points_earned) VALUES (224, 30, 19, 56, '56', 1, 1);
INSERT OR IGNORE INTO user_answers (id, attempt_id, question_id, answer_option_id, answer_text, is_correct, points_earned) VALUES (225, 31, 10, NULL, '["290","292","294"]', 1, 1);
INSERT OR IGNORE INTO user_answers (id, attempt_id, question_id, answer_option_id, answer_text, is_correct, points_earned) VALUES (226, 31, 11, NULL, '["Analysis","Governance","Focus Process","Development","Implementation","Sustainability","Sales"]', 1, 1);
INSERT OR IGNORE INTO user_answers (id, attempt_id, question_id, answer_option_id, answer_text, is_correct, points_earned) VALUES (227, 31, 12, NULL, '[{"label":"Analysis","x":49,"y":39,"xPercent":5.625717566016074,"yPercent":13.220338983050848},{"label":"Straight to Work","x":42,"y":90,"xPercent":4.822043628013777,"yPercent":30.508474576271187},{"label":"Transition","x":134,"y":45,"xPercent":15.384615384615385,"yPercent":15.254237288135593},{"label":"Approach","x":223,"y":48,"xPercent":25.602755453501725,"yPercent":16.271186440677965},{"label":"Layout","x":309,"y":44,"xPercent":35.47646383467279,"yPercent":14.915254237288137},{"label":"Diagnostics","x":390,"y":44,"xPercent":44.776119402985074,"yPercent":14.915254237288137},{"label":"Evaluation","x":375,"y":94,"xPercent":43.05396096440873,"yPercent":31.864406779661014},{"label":"Strategic Integration Meeting (SIM)","x":468,"y":48,"xPercent":53.73134328358209,"yPercent":16.271186440677965},{"label":"System","x":559,"y":49,"xPercent":64.17910447761194,"yPercent":16.610169491525422},{"label":"Installation","x":644,"y":45,"xPercent":73.93800229621125,"yPercent":15.254237288135593},{"label":"Training","x":642,"y":86,"xPercent":73.70838117106774,"yPercent":29.152542372881356},{"label":"Audit","x":728,"y":43,"xPercent":83.5820895522388,"yPercent":14.576271186440678},{"label":"Aftercare","x":810,"y":40,"xPercent":92.99655568312285,"yPercent":13.559322033898304}]', 0, 0);
INSERT OR IGNORE INTO user_answers (id, attempt_id, question_id, answer_option_id, answer_text, is_correct, points_earned) VALUES (228, 31, 13, NULL, '["233","235","237","239","240"]', 1, 2);
INSERT OR IGNORE INTO user_answers (id, attempt_id, question_id, answer_option_id, answer_text, is_correct, points_earned) VALUES (229, 31, 14, NULL, '{"Need":"Industry remains very competitive","Scope":"Supervisory training and on-the-job coaching","Measures":"OTIF in Packaging","Roles":"Sponsor: Mr Brown","Vision":"Install the necessary skills and process to improve availability","Risk":"External factors (supply, demand, cost increases...)","Timeline":"Commit & Install (week 9-12)","Accountability":"I hearby assume accountability.."}', 1, 5);
INSERT OR IGNORE INTO user_answers (id, attempt_id, question_id, answer_option_id, answer_text, is_correct, points_earned) VALUES (230, 31, 15, NULL, '["Value","Mechanism","Value Driver","Opportunity","KPIs","Base"]', 1, 1);
INSERT OR IGNORE INTO user_answers (id, attempt_id, question_id, answer_option_id, answer_text, is_correct, points_earned) VALUES (231, 31, 16, NULL, '["Milestone","Plan"]', 1, 2);
INSERT OR IGNORE INTO user_answers (id, attempt_id, question_id, answer_option_id, answer_text, is_correct, points_earned) VALUES (232, 31, 17, NULL, '["Analysis Operations Consultation","Transition & Approach","Layout","Pre-SIM","SIM","Pre-Implementation","Mid-Implementation","Completion"]', 1, 2);
INSERT OR IGNORE INTO user_answers (id, attempt_id, question_id, answer_option_id, answer_text, is_correct, points_earned) VALUES (233, 31, 18, NULL, '7', 1, 1);
INSERT OR IGNORE INTO user_answers (id, attempt_id, question_id, answer_option_id, answer_text, is_correct, points_earned) VALUES (234, 31, 19, 56, '56', 1, 1);
INSERT OR IGNORE INTO user_answers (id, attempt_id, question_id, answer_option_id, answer_text, is_correct, points_earned) VALUES (235, 32, 10, NULL, '["290","292","294"]', 1, 1);
INSERT OR IGNORE INTO user_answers (id, attempt_id, question_id, answer_option_id, answer_text, is_correct, points_earned) VALUES (236, 32, 11, NULL, '["Analysis","Governance","Focus Process","Development","Implementation","Sustainability","Sales"]', 1, 1);
INSERT OR IGNORE INTO user_answers (id, attempt_id, question_id, answer_option_id, answer_text, is_correct, points_earned) VALUES (237, 32, 12, NULL, '[{"label":"Analysis","x":38,"y":51,"xPercent":4.3628013777267505,"yPercent":17.28813559322034},{"label":"Straight to Work","x":24,"y":97,"xPercent":2.755453501722158,"yPercent":32.88135593220339},{"label":"Transition","x":132,"y":37,"xPercent":15.154994259471872,"yPercent":12.54237288135593},{"label":"Approach","x":237,"y":36,"xPercent":27.210103329506314,"yPercent":12.203389830508476},{"label":"Layout","x":310,"y":39,"xPercent":35.59127439724455,"yPercent":13.220338983050848},{"label":"Diagnostics","x":375,"y":42,"xPercent":43.05396096440873,"yPercent":14.237288135593221},{"label":"Evaluation","x":385,"y":94,"xPercent":44.20206659012629,"yPercent":31.864406779661014},{"label":"Strategic Integration Meeting (SIM)","x":471,"y":41,"xPercent":54.07577497129736,"yPercent":13.898305084745763},{"label":"System","x":565,"y":41,"xPercent":64.86796785304249,"yPercent":13.898305084745763},{"label":"Installation","x":645,"y":47,"xPercent":74.05281285878301,"yPercent":15.932203389830507},{"label":"Training","x":640,"y":98,"xPercent":73.47876004592423,"yPercent":33.220338983050844},{"label":"Audit","x":731,"y":48,"xPercent":83.92652123995407,"yPercent":16.271186440677965},{"label":"Aftercare","x":807,"y":43,"xPercent":92.65212399540758,"yPercent":14.576271186440678}]', 0, 0);
INSERT OR IGNORE INTO user_answers (id, attempt_id, question_id, answer_option_id, answer_text, is_correct, points_earned) VALUES (238, 32, 13, NULL, NULL, 0, 0);
INSERT OR IGNORE INTO user_answers (id, attempt_id, question_id, answer_option_id, answer_text, is_correct, points_earned) VALUES (239, 32, 14, NULL, '{"Need":"Commit & Install (week 9-12)","Scope":"External factors (supply, demand, cost increases...)","Measures":"Install the necessary skills and process to improve availability","Roles":"I hearby assume accountability..","Vision":"Supervisory training and on-the-job coaching","Risk":"Industry remains very competitive","Timeline":"OTIF in Packaging","Accountability":"Sponsor: Mr Brown"}', 0, 0);
INSERT OR IGNORE INTO user_answers (id, attempt_id, question_id, answer_option_id, answer_text, is_correct, points_earned) VALUES (240, 32, 15, NULL, NULL, 0, 0);
INSERT OR IGNORE INTO user_answers (id, attempt_id, question_id, answer_option_id, answer_text, is_correct, points_earned) VALUES (241, 32, 16, NULL, '["Milestone","Plan"]', 1, 2);
INSERT OR IGNORE INTO user_answers (id, attempt_id, question_id, answer_option_id, answer_text, is_correct, points_earned) VALUES (242, 32, 17, NULL, NULL, 0, 0);
INSERT OR IGNORE INTO user_answers (id, attempt_id, question_id, answer_option_id, answer_text, is_correct, points_earned) VALUES (243, 32, 18, NULL, '7', 1, 1);
INSERT OR IGNORE INTO user_answers (id, attempt_id, question_id, answer_option_id, answer_text, is_correct, points_earned) VALUES (244, 32, 19, 56, '56', 1, 1);
INSERT OR IGNORE INTO user_answers (id, attempt_id, question_id, answer_option_id, answer_text, is_correct, points_earned) VALUES (245, 33, 10, NULL, '["290","292","294"]', 1, 1);
INSERT OR IGNORE INTO user_answers (id, attempt_id, question_id, answer_option_id, answer_text, is_correct, points_earned) VALUES (246, 33, 11, NULL, NULL, 0, 0);
INSERT OR IGNORE INTO user_answers (id, attempt_id, question_id, answer_option_id, answer_text, is_correct, points_earned) VALUES (247, 33, 12, NULL, '[{"label":"Analysis","x":54,"y":43,"xPercent":6.199770378874857,"yPercent":14.576271186440678},{"label":"Straight to Work","x":53,"y":93,"xPercent":6.084959816303099,"yPercent":31.52542372881356},{"label":"Transition","x":136,"y":42,"xPercent":15.614236509758896,"yPercent":14.237288135593221},{"label":"Approach","x":217,"y":38,"xPercent":24.913892078071182,"yPercent":12.88135593220339},{"label":"Layout","x":311,"y":43,"xPercent":35.7060849598163,"yPercent":14.576271186440678},{"label":"Diagnostics","x":379,"y":44,"xPercent":43.51320321469575,"yPercent":14.915254237288137},{"label":"Evaluation","x":385,"y":89,"xPercent":44.20206659012629,"yPercent":30.16949152542373},{"label":"Strategic Integration Meeting (SIM)","x":477,"y":46,"xPercent":54.7646383467279,"yPercent":15.593220338983052},{"label":"System","x":558,"y":40,"xPercent":64.06429391504018,"yPercent":13.559322033898304},{"label":"Installation","x":646,"y":41,"xPercent":74.16762342135476,"yPercent":13.898305084745763},{"label":"Training","x":642,"y":89,"xPercent":73.70838117106774,"yPercent":30.16949152542373},{"label":"Audit","x":732,"y":44,"xPercent":84.04133180252583,"yPercent":14.915254237288137},{"label":"Aftercare","x":809,"y":35,"xPercent":92.8817451205511,"yPercent":11.864406779661017}]', 0, 0);
INSERT OR IGNORE INTO user_answers (id, attempt_id, question_id, answer_option_id, answer_text, is_correct, points_earned) VALUES (248, 33, 13, NULL, NULL, 0, 0);
INSERT OR IGNORE INTO user_answers (id, attempt_id, question_id, answer_option_id, answer_text, is_correct, points_earned) VALUES (249, 33, 14, NULL, NULL, 0, 0);
INSERT OR IGNORE INTO user_answers (id, attempt_id, question_id, answer_option_id, answer_text, is_correct, points_earned) VALUES (250, 33, 15, NULL, NULL, 0, 0);
INSERT OR IGNORE INTO user_answers (id, attempt_id, question_id, answer_option_id, answer_text, is_correct, points_earned) VALUES (251, 33, 16, NULL, '["Milestone","Plan"]', 1, 2);
INSERT OR IGNORE INTO user_answers (id, attempt_id, question_id, answer_option_id, answer_text, is_correct, points_earned) VALUES (252, 33, 17, NULL, NULL, 0, 0);
INSERT OR IGNORE INTO user_answers (id, attempt_id, question_id, answer_option_id, answer_text, is_correct, points_earned) VALUES (253, 33, 18, NULL, '7', 1, 1);
INSERT OR IGNORE INTO user_answers (id, attempt_id, question_id, answer_option_id, answer_text, is_correct, points_earned) VALUES (254, 33, 19, 56, '56', 1, 1);
INSERT OR IGNORE INTO user_answers (id, attempt_id, question_id, answer_option_id, answer_text, is_correct, points_earned) VALUES (255, 34, 10, NULL, '["290","292","294"]', 1, 1);
INSERT OR IGNORE INTO user_answers (id, attempt_id, question_id, answer_option_id, answer_text, is_correct, points_earned) VALUES (256, 34, 11, NULL, NULL, 0, 0);
INSERT OR IGNORE INTO user_answers (id, attempt_id, question_id, answer_option_id, answer_text, is_correct, points_earned) VALUES (257, 34, 12, NULL, '[{"label":"Analysis","x":36,"y":30,"xPercent":5.815831987075929,"yPercent":14.285714285714285},{"label":"Straight to Work","x":37,"y":71,"xPercent":5.977382875605816,"yPercent":33.80952380952381},{"label":"Transition","x":91,"y":30,"xPercent":14.70113085621971,"yPercent":14.285714285714285},{"label":"Approach","x":156,"y":36,"xPercent":25.20193861066236,"yPercent":17.142857142857142},{"label":"Layout","x":211,"y":30,"xPercent":34.087237479806134,"yPercent":14.285714285714285},{"label":"Diagnostics","x":259,"y":30,"xPercent":41.84168012924071,"yPercent":14.285714285714285},{"label":"Evaluation","x":260,"y":69,"xPercent":42.003231017770595,"yPercent":32.857142857142854},{"label":"Strategic Integration Meeting (SIM)","x":336,"y":31,"xPercent":54.281098546042,"yPercent":14.761904761904763},{"label":"System","x":389,"y":29,"xPercent":62.84329563812601,"yPercent":13.80952380952381},{"label":"Installation","x":445,"y":30,"xPercent":71.89014539579968,"yPercent":14.285714285714285},{"label":"Training","x":451,"y":66,"xPercent":72.859450726979,"yPercent":31.428571428571427},{"label":"Audit","x":525,"y":28,"xPercent":84.81421647819063,"yPercent":13.333333333333334},{"label":"Aftercare","x":572,"y":36,"xPercent":92.40710823909531,"yPercent":17.142857142857142}]', 0, 0);
INSERT OR IGNORE INTO user_answers (id, attempt_id, question_id, answer_option_id, answer_text, is_correct, points_earned) VALUES (258, 34, 13, NULL, NULL, 0, 0);
INSERT OR IGNORE INTO user_answers (id, attempt_id, question_id, answer_option_id, answer_text, is_correct, points_earned) VALUES (259, 34, 14, NULL, NULL, 0, 0);
INSERT OR IGNORE INTO user_answers (id, attempt_id, question_id, answer_option_id, answer_text, is_correct, points_earned) VALUES (260, 34, 15, NULL, NULL, 0, 0);
INSERT OR IGNORE INTO user_answers (id, attempt_id, question_id, answer_option_id, answer_text, is_correct, points_earned) VALUES (261, 34, 16, NULL, '["s","m"]', 0, 0);
INSERT OR IGNORE INTO user_answers (id, attempt_id, question_id, answer_option_id, answer_text, is_correct, points_earned) VALUES (262, 34, 17, NULL, NULL, 0, 0);
INSERT OR IGNORE INTO user_answers (id, attempt_id, question_id, answer_option_id, answer_text, is_correct, points_earned) VALUES (263, 34, 18, NULL, '7', 1, 1);
INSERT OR IGNORE INTO user_answers (id, attempt_id, question_id, answer_option_id, answer_text, is_correct, points_earned) VALUES (264, 34, 19, 56, '56', 1, 1);
INSERT OR IGNORE INTO user_answers (id, attempt_id, question_id, answer_option_id, answer_text, is_correct, points_earned) VALUES (265, 35, 10, NULL, '["290","292","294"]', 1, 1);
INSERT OR IGNORE INTO user_answers (id, attempt_id, question_id, answer_option_id, answer_text, is_correct, points_earned) VALUES (266, 35, 11, NULL, NULL, 0, 0);
INSERT OR IGNORE INTO user_answers (id, attempt_id, question_id, answer_option_id, answer_text, is_correct, points_earned) VALUES (267, 35, 12, NULL, '[{"label":"Analysis","x":22,"y":25,"xPercent":3.5541195476575123,"yPercent":11.904761904761903},{"label":"Straight to Work","x":24,"y":66,"xPercent":3.877221324717286,"yPercent":31.428571428571427},{"label":"Transition","x":87,"y":42,"xPercent":14.054927302100161,"yPercent":20},{"label":"Approach","x":163,"y":37,"xPercent":26.33279483037157,"yPercent":17.61904761904762},{"label":"Layout","x":203,"y":25,"xPercent":32.794830371567045,"yPercent":11.904761904761903},{"label":"Diagnostics","x":272,"y":30,"xPercent":43.94184168012924,"yPercent":14.285714285714285},{"label":"Evaluation","x":268,"y":66,"xPercent":43.29563812600969,"yPercent":31.428571428571427},{"label":"Strategic Integration Meeting (SIM)","x":332,"y":31,"xPercent":53.63489499192246,"yPercent":14.761904761904763},{"label":"System","x":393,"y":29,"xPercent":63.48949919224556,"yPercent":13.80952380952381},{"label":"Installation","x":456,"y":30,"xPercent":73.66720516962843,"yPercent":14.285714285714285},{"label":"Training","x":463,"y":69,"xPercent":74.79806138933765,"yPercent":32.857142857142854},{"label":"Audit","x":514,"y":31,"xPercent":83.03715670436188,"yPercent":14.761904761904763},{"label":"Aftercare","x":574,"y":37,"xPercent":92.73021001615508,"yPercent":17.61904761904762}]', 0, 0);
INSERT OR IGNORE INTO user_answers (id, attempt_id, question_id, answer_option_id, answer_text, is_correct, points_earned) VALUES (268, 35, 13, NULL, '["241"]', 0, 0);
INSERT OR IGNORE INTO user_answers (id, attempt_id, question_id, answer_option_id, answer_text, is_correct, points_earned) VALUES (269, 35, 14, NULL, NULL, 0, 0);
INSERT OR IGNORE INTO user_answers (id, attempt_id, question_id, answer_option_id, answer_text, is_correct, points_earned) VALUES (270, 35, 15, NULL, NULL, 0, 0);
INSERT OR IGNORE INTO user_answers (id, attempt_id, question_id, answer_option_id, answer_text, is_correct, points_earned) VALUES (271, 35, 16, NULL, '["s","m"]', 0, 0);
INSERT OR IGNORE INTO user_answers (id, attempt_id, question_id, answer_option_id, answer_text, is_correct, points_earned) VALUES (272, 35, 17, NULL, NULL, 0, 0);
INSERT OR IGNORE INTO user_answers (id, attempt_id, question_id, answer_option_id, answer_text, is_correct, points_earned) VALUES (273, 35, 18, NULL, '7', 1, 1);
INSERT OR IGNORE INTO user_answers (id, attempt_id, question_id, answer_option_id, answer_text, is_correct, points_earned) VALUES (274, 35, 19, 56, '56', 1, 1);
INSERT OR IGNORE INTO user_answers (id, attempt_id, question_id, answer_option_id, answer_text, is_correct, points_earned) VALUES (275, 36, 10, NULL, '["290","292","294"]', 1, 1);
INSERT OR IGNORE INTO user_answers (id, attempt_id, question_id, answer_option_id, answer_text, is_correct, points_earned) VALUES (276, 36, 11, NULL, NULL, 0, 0);
INSERT OR IGNORE INTO user_answers (id, attempt_id, question_id, answer_option_id, answer_text, is_correct, points_earned) VALUES (277, 36, 12, NULL, '[{"label":"Analysis","x":37,"y":31,"xPercent":5.977382875605816,"yPercent":14.761904761904763},{"label":"Straight to Work","x":14,"y":69,"xPercent":2.2617124394184165,"yPercent":32.857142857142854},{"label":"Transition","x":101,"y":35,"xPercent":16.31663974151858,"yPercent":16.666666666666664},{"label":"Approach","x":151,"y":40,"xPercent":24.394184168012924,"yPercent":19.047619047619047},{"label":"Layout","x":215,"y":29,"xPercent":34.733441033925686,"yPercent":13.80952380952381},{"label":"Diagnostics","x":251,"y":25,"xPercent":40.54927302100161,"yPercent":11.904761904761903},{"label":"Evaluation","x":266,"y":69,"xPercent":42.972536348949916,"yPercent":32.857142857142854},{"label":"Strategic Integration Meeting (SIM)","x":326,"y":29,"xPercent":52.66558966074314,"yPercent":13.80952380952381},{"label":"System","x":388,"y":34,"xPercent":62.68174474959613,"yPercent":16.19047619047619},{"label":"Installation","x":463,"y":27,"xPercent":74.79806138933765,"yPercent":12.857142857142856},{"label":"Training","x":448,"y":64,"xPercent":72.37479806138933,"yPercent":30.476190476190478},{"label":"Audit","x":520,"y":22,"xPercent":84.00646203554119,"yPercent":10.476190476190476},{"label":"Aftercare","x":586,"y":30,"xPercent":94.66882067851373,"yPercent":14.285714285714285}]', 0, 0);
INSERT OR IGNORE INTO user_answers (id, attempt_id, question_id, answer_option_id, answer_text, is_correct, points_earned) VALUES (278, 36, 13, NULL, '["241"]', 0, 0);
INSERT OR IGNORE INTO user_answers (id, attempt_id, question_id, answer_option_id, answer_text, is_correct, points_earned) VALUES (279, 36, 14, NULL, NULL, 0, 0);
INSERT OR IGNORE INTO user_answers (id, attempt_id, question_id, answer_option_id, answer_text, is_correct, points_earned) VALUES (280, 36, 15, NULL, NULL, 0, 0);
INSERT OR IGNORE INTO user_answers (id, attempt_id, question_id, answer_option_id, answer_text, is_correct, points_earned) VALUES (281, 36, 16, NULL, '["r","r"]', 0, 0);
INSERT OR IGNORE INTO user_answers (id, attempt_id, question_id, answer_option_id, answer_text, is_correct, points_earned) VALUES (282, 36, 17, NULL, NULL, 0, 0);
INSERT OR IGNORE INTO user_answers (id, attempt_id, question_id, answer_option_id, answer_text, is_correct, points_earned) VALUES (283, 36, 18, NULL, '7', 1, 1);
INSERT OR IGNORE INTO user_answers (id, attempt_id, question_id, answer_option_id, answer_text, is_correct, points_earned) VALUES (284, 36, 19, 56, '56', 1, 1);
INSERT OR IGNORE INTO user_answers (id, attempt_id, question_id, answer_option_id, answer_text, is_correct, points_earned) VALUES (285, 37, 10, NULL, NULL, 0, 0);
INSERT OR IGNORE INTO user_answers (id, attempt_id, question_id, answer_option_id, answer_text, is_correct, points_earned) VALUES (286, 37, 11, NULL, NULL, 0, 0);
INSERT OR IGNORE INTO user_answers (id, attempt_id, question_id, answer_option_id, answer_text, is_correct, points_earned) VALUES (287, 37, 12, NULL, '[{"label":"Analysis","x":52,"y":40,"xPercent":5.970149253731343,"yPercent":13.559322033898304},{"label":"Straight to Work","x":34,"y":99,"xPercent":3.903559127439724,"yPercent":33.559322033898304},{"label":"Transition","x":140,"y":51,"xPercent":16.073478760045926,"yPercent":17.28813559322034},{"label":"Approach","x":233,"y":42,"xPercent":26.75086107921929,"yPercent":14.237288135593221},{"label":"Layout","x":311,"y":42,"xPercent":35.7060849598163,"yPercent":14.237288135593221},{"label":"Diagnostics","x":372,"y":36,"xPercent":42.70952927669345,"yPercent":12.203389830508476},{"label":"Evaluation","x":379,"y":90,"xPercent":43.51320321469575,"yPercent":30.508474576271187},{"label":"Strategic Integration Meeting (SIM)","x":463,"y":36,"xPercent":53.157290470723304,"yPercent":12.203389830508476},{"label":"System","x":553,"y":45,"xPercent":63.4902411021814,"yPercent":15.254237288135593},{"label":"Installation","x":647,"y":44,"xPercent":74.28243398392652,"yPercent":14.915254237288137},{"label":"Training","x":637,"y":100,"xPercent":73.13432835820896,"yPercent":33.89830508474576},{"label":"Audit","x":741,"y":40,"xPercent":85.07462686567165,"yPercent":13.559322033898304},{"label":"Aftercare","x":810,"y":44,"xPercent":92.99655568312285,"yPercent":14.915254237288137}]', 1, 1);
INSERT OR IGNORE INTO user_answers (id, attempt_id, question_id, answer_option_id, answer_text, is_correct, points_earned) VALUES (288, 37, 13, NULL, '["241"]', 0, 0);
INSERT OR IGNORE INTO user_answers (id, attempt_id, question_id, answer_option_id, answer_text, is_correct, points_earned) VALUES (289, 37, 14, NULL, NULL, 0, 0);
INSERT OR IGNORE INTO user_answers (id, attempt_id, question_id, answer_option_id, answer_text, is_correct, points_earned) VALUES (290, 37, 15, NULL, NULL, 0, 0);
INSERT OR IGNORE INTO user_answers (id, attempt_id, question_id, answer_option_id, answer_text, is_correct, points_earned) VALUES (291, 37, 16, NULL, '["s","p"]', 0, 0);
INSERT OR IGNORE INTO user_answers (id, attempt_id, question_id, answer_option_id, answer_text, is_correct, points_earned) VALUES (292, 37, 17, NULL, NULL, 0, 0);
INSERT OR IGNORE INTO user_answers (id, attempt_id, question_id, answer_option_id, answer_text, is_correct, points_earned) VALUES (293, 37, 18, NULL, '7', 1, 1);
INSERT OR IGNORE INTO user_answers (id, attempt_id, question_id, answer_option_id, answer_text, is_correct, points_earned) VALUES (294, 37, 19, 56, '56', 1, 1);
INSERT OR IGNORE INTO user_answers (id, attempt_id, question_id, answer_option_id, answer_text, is_correct, points_earned) VALUES (295, 38, 10, NULL, NULL, 0, 0);
INSERT OR IGNORE INTO user_answers (id, attempt_id, question_id, answer_option_id, answer_text, is_correct, points_earned) VALUES (296, 38, 11, NULL, NULL, 0, 0);
INSERT OR IGNORE INTO user_answers (id, attempt_id, question_id, answer_option_id, answer_text, is_correct, points_earned) VALUES (297, 38, 12, NULL, NULL, 0, 0);
INSERT OR IGNORE INTO user_answers (id, attempt_id, question_id, answer_option_id, answer_text, is_correct, points_earned) VALUES (298, 38, 13, NULL, NULL, 0, 0);
INSERT OR IGNORE INTO user_answers (id, attempt_id, question_id, answer_option_id, answer_text, is_correct, points_earned) VALUES (299, 38, 14, NULL, NULL, 0, 0);
INSERT OR IGNORE INTO user_answers (id, attempt_id, question_id, answer_option_id, answer_text, is_correct, points_earned) VALUES (300, 38, 15, NULL, NULL, 0, 0);
INSERT OR IGNORE INTO user_answers (id, attempt_id, question_id, answer_option_id, answer_text, is_correct, points_earned) VALUES (301, 38, 16, NULL, '["aa","aa"]', 0, 0);
INSERT OR IGNORE INTO user_answers (id, attempt_id, question_id, answer_option_id, answer_text, is_correct, points_earned) VALUES (302, 38, 17, NULL, NULL, 0, 0);
INSERT OR IGNORE INTO user_answers (id, attempt_id, question_id, answer_option_id, answer_text, is_correct, points_earned) VALUES (303, 38, 18, NULL, '3', 0, 0);
INSERT OR IGNORE INTO user_answers (id, attempt_id, question_id, answer_option_id, answer_text, is_correct, points_earned) VALUES (304, 38, 19, 56, '56', 1, 1);
INSERT OR IGNORE INTO user_answers (id, attempt_id, question_id, answer_option_id, answer_text, is_correct, points_earned) VALUES (305, 38, 103, NULL, '[{"label":"Plan","x":276,"y":33,"xPercent":31.470923603192702,"yPercent":10.679611650485436},{"label":"Control","x":584,"y":43,"xPercent":66.59064994298745,"yPercent":13.915857605177994},{"label":"Report","x":771,"y":41,"xPercent":87.9133409350057,"yPercent":13.268608414239482}]', 1, 1);
INSERT OR IGNORE INTO user_answers (id, attempt_id, question_id, answer_option_id, answer_text, is_correct, points_earned) VALUES (306, 39, 10, NULL, '["294"]', 0, 0);
INSERT OR IGNORE INTO user_answers (id, attempt_id, question_id, answer_option_id, answer_text, is_correct, points_earned) VALUES (307, 39, 11, NULL, NULL, 0, 0);
INSERT OR IGNORE INTO user_answers (id, attempt_id, question_id, answer_option_id, answer_text, is_correct, points_earned) VALUES (308, 39, 12, NULL, '[{"label":"Analysis","x":54,"y":45,"xPercent":6.1573546180159635,"yPercent":15.151515151515152},{"label":"Straight to Work","x":51,"y":102,"xPercent":5.815279361459521,"yPercent":34.34343434343434},{"label":"Transition","x":165,"y":47,"xPercent":18.814139110604334,"yPercent":15.824915824915825},{"label":"Approach","x":249,"y":47,"xPercent":28.39224629418472,"yPercent":15.824915824915825},{"label":"Layout","x":329,"y":38,"xPercent":37.51425313568985,"yPercent":12.794612794612794},{"label":"Diagnostics","x":394,"y":35,"xPercent":44.925883694412775,"yPercent":11.784511784511785},{"label":"Evaluation","x":396,"y":96,"xPercent":45.1539338654504,"yPercent":32.323232323232325},{"label":"Strategic Integration Meeting (SIM)","x":459,"y":43,"xPercent":52.33751425313569,"yPercent":14.47811447811448},{"label":"System","x":566,"y":50,"xPercent":64.5381984036488,"yPercent":16.835016835016837},{"label":"Installation","x":663,"y":37,"xPercent":75.59863169897378,"yPercent":12.457912457912458},{"label":"Training","x":638,"y":100,"xPercent":72.74800456100343,"yPercent":33.670033670033675},{"label":"Audit","x":746,"y":52,"xPercent":85.06271379703534,"yPercent":17.50841750841751},{"label":"Aftercare","x":833,"y":43,"xPercent":94.98289623717217,"yPercent":14.47811447811448}]', 1, 1);
INSERT OR IGNORE INTO user_answers (id, attempt_id, question_id, answer_option_id, answer_text, is_correct, points_earned) VALUES (309, 39, 13, NULL, NULL, 0, 0);
INSERT OR IGNORE INTO user_answers (id, attempt_id, question_id, answer_option_id, answer_text, is_correct, points_earned) VALUES (310, 40, 10, NULL, '["294"]', 0, 0);
INSERT OR IGNORE INTO user_answers (id, attempt_id, question_id, answer_option_id, answer_text, is_correct, points_earned) VALUES (311, 39, 14, NULL, NULL, 0, 0);
INSERT OR IGNORE INTO user_answers (id, attempt_id, question_id, answer_option_id, answer_text, is_correct, points_earned) VALUES (312, 40, 11, NULL, NULL, 0, 0);
INSERT OR IGNORE INTO user_answers (id, attempt_id, question_id, answer_option_id, answer_text, is_correct, points_earned) VALUES (313, 39, 15, NULL, NULL, 0, 0);
INSERT OR IGNORE INTO user_answers (id, attempt_id, question_id, answer_option_id, answer_text, is_correct, points_earned) VALUES (314, 40, 12, NULL, '[{"label":"Analysis","x":54,"y":45,"xPercent":6.1573546180159635,"yPercent":15.151515151515152},{"label":"Straight to Work","x":51,"y":102,"xPercent":5.815279361459521,"yPercent":34.34343434343434},{"label":"Transition","x":165,"y":47,"xPercent":18.814139110604334,"yPercent":15.824915824915825},{"label":"Approach","x":249,"y":47,"xPercent":28.39224629418472,"yPercent":15.824915824915825},{"label":"Layout","x":329,"y":38,"xPercent":37.51425313568985,"yPercent":12.794612794612794},{"label":"Diagnostics","x":394,"y":35,"xPercent":44.925883694412775,"yPercent":11.784511784511785},{"label":"Evaluation","x":396,"y":96,"xPercent":45.1539338654504,"yPercent":32.323232323232325},{"label":"Strategic Integration Meeting (SIM)","x":459,"y":43,"xPercent":52.33751425313569,"yPercent":14.47811447811448},{"label":"System","x":566,"y":50,"xPercent":64.5381984036488,"yPercent":16.835016835016837},{"label":"Installation","x":663,"y":37,"xPercent":75.59863169897378,"yPercent":12.457912457912458},{"label":"Training","x":638,"y":100,"xPercent":72.74800456100343,"yPercent":33.670033670033675},{"label":"Audit","x":746,"y":52,"xPercent":85.06271379703534,"yPercent":17.50841750841751},{"label":"Aftercare","x":833,"y":43,"xPercent":94.98289623717217,"yPercent":14.47811447811448}]', 1, 1);
INSERT OR IGNORE INTO user_answers (id, attempt_id, question_id, answer_option_id, answer_text, is_correct, points_earned) VALUES (315, 39, 16, NULL, '["Milestone","Plan"]', 1, 2);
INSERT OR IGNORE INTO user_answers (id, attempt_id, question_id, answer_option_id, answer_text, is_correct, points_earned) VALUES (316, 40, 13, NULL, NULL, 0, 0);
INSERT OR IGNORE INTO user_answers (id, attempt_id, question_id, answer_option_id, answer_text, is_correct, points_earned) VALUES (317, 39, 17, NULL, NULL, 0, 0);
INSERT OR IGNORE INTO user_answers (id, attempt_id, question_id, answer_option_id, answer_text, is_correct, points_earned) VALUES (318, 40, 14, NULL, NULL, 0, 0);
INSERT OR IGNORE INTO user_answers (id, attempt_id, question_id, answer_option_id, answer_text, is_correct, points_earned) VALUES (319, 39, 18, NULL, '7', 1, 1);
INSERT OR IGNORE INTO user_answers (id, attempt_id, question_id, answer_option_id, answer_text, is_correct, points_earned) VALUES (320, 40, 15, NULL, NULL, 0, 0);
INSERT OR IGNORE INTO user_answers (id, attempt_id, question_id, answer_option_id, answer_text, is_correct, points_earned) VALUES (321, 39, 19, 56, '56', 1, 1);
INSERT OR IGNORE INTO user_answers (id, attempt_id, question_id, answer_option_id, answer_text, is_correct, points_earned) VALUES (322, 40, 16, NULL, '["Milestone","Plan"]', 1, 2);
INSERT OR IGNORE INTO user_answers (id, attempt_id, question_id, answer_option_id, answer_text, is_correct, points_earned) VALUES (323, 39, 103, NULL, '[{"label":"Plan","x":224,"y":52,"xPercent":25.541619156214367,"yPercent":16.828478964401295}]', 0, 0);
INSERT OR IGNORE INTO user_answers (id, attempt_id, question_id, answer_option_id, answer_text, is_correct, points_earned) VALUES (324, 40, 17, NULL, NULL, 0, 0);
INSERT OR IGNORE INTO user_answers (id, attempt_id, question_id, answer_option_id, answer_text, is_correct, points_earned) VALUES (325, 40, 18, NULL, '7', 1, 1);
INSERT OR IGNORE INTO user_answers (id, attempt_id, question_id, answer_option_id, answer_text, is_correct, points_earned) VALUES (326, 40, 19, 56, '56', 1, 1);
INSERT OR IGNORE INTO user_answers (id, attempt_id, question_id, answer_option_id, answer_text, is_correct, points_earned) VALUES (327, 40, 103, NULL, '[{"label":"Plan","x":224,"y":52,"xPercent":25.541619156214367,"yPercent":16.828478964401295}]', 0, 0);
INSERT OR IGNORE INTO user_answers (id, attempt_id, question_id, answer_option_id, answer_text, is_correct, points_earned) VALUES (328, 41, 20, NULL, '{"Procedural Changes":"The Focus Process","Behavioural Change":"The Implementation Process"}', 1, 1);
INSERT OR IGNORE INTO user_answers (id, attempt_id, question_id, answer_option_id, answer_text, is_correct, points_earned) VALUES (329, 41, 21, NULL, '["Focus"]', 1, 1);
INSERT OR IGNORE INTO user_answers (id, attempt_id, question_id, answer_option_id, answer_text, is_correct, points_earned) VALUES (330, 41, 22, NULL, '[{"label":"Shock","x":124,"y":100,"xPercent":13.762486126526083,"yPercent":23.64066193853428},{"label":"Denial","x":204,"y":315,"xPercent":22.641509433962266,"yPercent":74.46808510638297},{"label":"Frustration","x":325,"y":134,"xPercent":36.07103218645949,"yPercent":31.678486997635936},{"label":"Morale Dip","x":446,"y":248,"xPercent":49.50055493895672,"yPercent":58.62884160756501},{"label":"Decisions","x":525,"y":104,"xPercent":58.26859045504994,"yPercent":24.58628841607565},{"label":"Integration","x":784,"y":133,"xPercent":87.0144284128746,"yPercent":31.44208037825059},{"label":"Depression","x":546,"y":348,"xPercent":60.599334073251946,"yPercent":82.26950354609929},{"label":"Trial and Experimentation","x":702,"y":235,"xPercent":77.9134295227525,"yPercent":55.55555555555556}]', 0, 0);
INSERT OR IGNORE INTO user_answers (id, attempt_id, question_id, answer_option_id, answer_text, is_correct, points_earned) VALUES (331, 41, 23, NULL, '[{"label":"Address Concerns","x":246,"y":112,"xPercent":49.101796407185624,"yPercent":26.60332541567696},{"label":"High Contact","x":381,"y":101,"xPercent":76.04790419161677,"yPercent":23.990498812351543},{"label":"Keep Informed","x":209,"y":270,"xPercent":41.71656686626746,"yPercent":64.13301662707839},{"label":"Medium Contact","x":409,"y":272,"xPercent":81.63672654690619,"yPercent":64.60807600950119}]', 0, 0);
INSERT OR IGNORE INTO user_answers (id, attempt_id, question_id, answer_option_id, answer_text, is_correct, points_earned) VALUES (332, 42, 20, NULL, '{"Procedural Changes":"The Focus Process","Behavioural Change":"The Implementation Process"}', 1, 1);
INSERT OR IGNORE INTO user_answers (id, attempt_id, question_id, answer_option_id, answer_text, is_correct, points_earned) VALUES (333, 42, 21, NULL, '["Focus"]', 1, 1);
INSERT OR IGNORE INTO user_answers (id, attempt_id, question_id, answer_option_id, answer_text, is_correct, points_earned) VALUES (334, 42, 22, NULL, NULL, 0, 0);
INSERT OR IGNORE INTO user_answers (id, attempt_id, question_id, answer_option_id, answer_text, is_correct, points_earned) VALUES (335, 42, 23, NULL, '[{"label":"Address Concerns","x":216,"y":116,"xPercent":43.11377245508982,"yPercent":27.55344418052256},{"label":"High Contact","x":385,"y":122,"xPercent":76.84630738522954,"yPercent":28.978622327790976},{"label":"Keep Informed","x":206,"y":275,"xPercent":41.11776447105788,"yPercent":65.32066508313538},{"label":"Medium Contact","x":410,"y":283,"xPercent":81.83632734530939,"yPercent":67.2209026128266}]', 0, 0);
INSERT OR IGNORE INTO user_answers (id, attempt_id, question_id, answer_option_id, answer_text, is_correct, points_earned) VALUES (336, 43, 20, NULL, NULL, 0, 0);
INSERT OR IGNORE INTO user_answers (id, attempt_id, question_id, answer_option_id, answer_text, is_correct, points_earned) VALUES (337, 43, 21, NULL, '["FOcus"]', 1, 1);
INSERT OR IGNORE INTO user_answers (id, attempt_id, question_id, answer_option_id, answer_text, is_correct, points_earned) VALUES (338, 43, 22, NULL, '[{"label":"Shock","x":124,"y":110,"xPercent":13.762486126526083,"yPercent":26.004728132387704},{"label":"Denial","x":214,"y":303,"xPercent":23.751387347391788,"yPercent":71.63120567375887},{"label":"Frustration","x":362,"y":144,"xPercent":40.17758046614872,"yPercent":34.04255319148936},{"label":"Morale Dip","x":415,"y":257,"xPercent":46.05993340732519,"yPercent":60.7565011820331},{"label":"Depression","x":556,"y":354,"xPercent":61.70921198668147,"yPercent":83.68794326241135},{"label":"Decisions","x":536,"y":130,"xPercent":59.48945615982242,"yPercent":30.73286052009456},{"label":"Trial and Experimentation","x":684,"y":237,"xPercent":75.91564927857935,"yPercent":56.02836879432624},{"label":"Integration","x":775,"y":134,"xPercent":86.01553829078802,"yPercent":31.678486997635936}]', 0, 0);
INSERT OR IGNORE INTO user_answers (id, attempt_id, question_id, answer_option_id, answer_text, is_correct, points_earned) VALUES (339, 43, 23, NULL, NULL, 0, 0);
INSERT OR IGNORE INTO user_answers (id, attempt_id, question_id, answer_option_id, answer_text, is_correct, points_earned) VALUES (340, 44, 20, NULL, NULL, 0, 0);
INSERT OR IGNORE INTO user_answers (id, attempt_id, question_id, answer_option_id, answer_text, is_correct, points_earned) VALUES (341, 44, 21, NULL, '["FOCUs"]', 1, 1);
INSERT OR IGNORE INTO user_answers (id, attempt_id, question_id, answer_option_id, answer_text, is_correct, points_earned) VALUES (342, 44, 22, NULL, '[{"label":"Shock","x":101,"y":99,"xPercent":11.20976692563818,"yPercent":23.404255319148938},{"label":"Denial","x":224,"y":297,"xPercent":24.861265260821312,"yPercent":70.2127659574468},{"label":"Frustration","x":331,"y":159,"xPercent":36.736958934517205,"yPercent":37.5886524822695},{"label":"Morale Dip","x":426,"y":245,"xPercent":47.28079911209767,"yPercent":57.919621749408975},{"label":"Decisions","x":549,"y":98,"xPercent":60.9322974472808,"yPercent":23.167848699763592},{"label":"Integration","x":721,"y":122,"xPercent":80.02219755826859,"yPercent":28.841607565011824},{"label":"Trial and Experimentation","x":689,"y":244,"xPercent":76.47058823529412,"yPercent":57.68321513002365},{"label":"Depression","x":532,"y":350,"xPercent":59.04550499445062,"yPercent":82.74231678486997}]', 0, 0);
INSERT OR IGNORE INTO user_answers (id, attempt_id, question_id, answer_option_id, answer_text, is_correct, points_earned) VALUES (343, 44, 23, NULL, NULL, 0, 0);
INSERT OR IGNORE INTO user_answers (id, attempt_id, question_id, answer_option_id, answer_text, is_correct, points_earned) VALUES (344, 45, 20, NULL, NULL, 0, 0);
INSERT OR IGNORE INTO user_answers (id, attempt_id, question_id, answer_option_id, answer_text, is_correct, points_earned) VALUES (345, 45, 21, NULL, '["FOCUs"]', 1, 1);
INSERT OR IGNORE INTO user_answers (id, attempt_id, question_id, answer_option_id, answer_text, is_correct, points_earned) VALUES (346, 45, 22, NULL, NULL, 0, 0);
INSERT OR IGNORE INTO user_answers (id, attempt_id, question_id, answer_option_id, answer_text, is_correct, points_earned) VALUES (347, 45, 23, NULL, NULL, 0, 0);
INSERT OR IGNORE INTO user_answers (id, attempt_id, question_id, answer_option_id, answer_text, is_correct, points_earned) VALUES (348, 46, 20, NULL, NULL, 0, 0);
INSERT OR IGNORE INTO user_answers (id, attempt_id, question_id, answer_option_id, answer_text, is_correct, points_earned) VALUES (349, 46, 21, NULL, '["FOCUs"]', 1, 1);
INSERT OR IGNORE INTO user_answers (id, attempt_id, question_id, answer_option_id, answer_text, is_correct, points_earned) VALUES (350, 46, 22, NULL, NULL, 0, 0);
INSERT OR IGNORE INTO user_answers (id, attempt_id, question_id, answer_option_id, answer_text, is_correct, points_earned) VALUES (351, 46, 23, NULL, NULL, 0, 0);
INSERT OR IGNORE INTO user_answers (id, attempt_id, question_id, answer_option_id, answer_text, is_correct, points_earned) VALUES (352, 47, 20, NULL, '{"Procedural Changes":"The Focus Process","Behavioural Change":"The Implementation Process"}', 1, 1);
INSERT OR IGNORE INTO user_answers (id, attempt_id, question_id, answer_option_id, answer_text, is_correct, points_earned) VALUES (353, 47, 21, NULL, '["Focus"]', 1, 1);
INSERT OR IGNORE INTO user_answers (id, attempt_id, question_id, answer_option_id, answer_text, is_correct, points_earned) VALUES (354, 47, 22, NULL, '[{"label":"Shock","x":74,"y":84,"xPercent":12.231404958677686,"yPercent":29.577464788732392},{"label":"Denial","x":131,"y":187,"xPercent":21.65289256198347,"yPercent":65.84507042253522},{"label":"Frustration","x":224,"y":101,"xPercent":37.02479338842975,"yPercent":35.563380281690144},{"label":"Morale Dip","x":275,"y":166,"xPercent":45.45454545454545,"yPercent":58.45070422535211},{"label":"Depression","x":379,"y":238,"xPercent":62.64462809917355,"yPercent":83.80281690140845},{"label":"Decisions","x":368,"y":71,"xPercent":60.82644628099173,"yPercent":25},{"label":"Integration","x":460,"y":174,"xPercent":76.03305785123968,"yPercent":61.267605633802816},{"label":"Trial and Experimentation","x":508,"y":84,"xPercent":83.96694214876032,"yPercent":29.577464788732392}]', 0, 0);
INSERT OR IGNORE INTO user_answers (id, attempt_id, question_id, answer_option_id, answer_text, is_correct, points_earned) VALUES (355, 47, 23, NULL, '[{"label":"Address Concerns","x":371,"y":282,"xPercent":74.05189620758483,"yPercent":66.9833729216152},{"label":"Keep Informed","x":202,"y":280,"xPercent":40.31936127744511,"yPercent":66.5083135391924},{"label":"High Contact","x":204,"y":110,"xPercent":40.7185628742515,"yPercent":26.128266033254157},{"label":"Medium Contact","x":381,"y":118,"xPercent":76.04790419161677,"yPercent":28.028503562945367}]', 0, 0);
INSERT OR IGNORE INTO user_answers (id, attempt_id, question_id, answer_option_id, answer_text, is_correct, points_earned) VALUES (356, 48, 20, NULL, NULL, 0, 0);
INSERT OR IGNORE INTO user_answers (id, attempt_id, question_id, answer_option_id, answer_text, is_correct, points_earned) VALUES (357, 48, 21, NULL, '["Nuts"]', 0, 0);
INSERT OR IGNORE INTO user_answers (id, attempt_id, question_id, answer_option_id, answer_text, is_correct, points_earned) VALUES (358, 48, 22, NULL, NULL, 0, 0);
INSERT OR IGNORE INTO user_answers (id, attempt_id, question_id, answer_option_id, answer_text, is_correct, points_earned) VALUES (359, 48, 23, NULL, '[{"label":"Address Concerns","x":197,"y":283,"xPercent":39.321357285429144,"yPercent":67.2209026128266},{"label":"High Contact","x":180,"y":95,"xPercent":35.92814371257485,"yPercent":22.565320665083135},{"label":"Keep Informed","x":387,"y":86,"xPercent":77.24550898203593,"yPercent":20.42755344418052},{"label":"Medium Contact","x":400,"y":272,"xPercent":79.84031936127745,"yPercent":64.60807600950119}]', 0, 0);
INSERT OR IGNORE INTO user_answers (id, attempt_id, question_id, answer_option_id, answer_text, is_correct, points_earned) VALUES (360, 49, 20, NULL, NULL, 0, 0);
INSERT OR IGNORE INTO user_answers (id, attempt_id, question_id, answer_option_id, answer_text, is_correct, points_earned) VALUES (361, 49, 21, NULL, '["Focus"]', 1, 1);
INSERT OR IGNORE INTO user_answers (id, attempt_id, question_id, answer_option_id, answer_text, is_correct, points_earned) VALUES (362, 49, 22, NULL, NULL, 0, 0);
INSERT OR IGNORE INTO user_answers (id, attempt_id, question_id, answer_option_id, answer_text, is_correct, points_earned) VALUES (363, 49, 23, NULL, '[{"label":"Address Concerns","x":386,"y":298,"xPercent":77.04590818363273,"yPercent":70.78384798099762},{"label":"High Contact","x":195,"y":287,"xPercent":38.92215568862276,"yPercent":68.17102137767222},{"label":"Keep Informed","x":210,"y":121,"xPercent":41.91616766467065,"yPercent":28.741092636579573},{"label":"Medium Contact","x":361,"y":122,"xPercent":72.0558882235529,"yPercent":28.978622327790976}]', 0, 0);
INSERT OR IGNORE INTO user_answers (id, attempt_id, question_id, answer_option_id, answer_text, is_correct, points_earned) VALUES (364, 50, 21, NULL, '["Focus"]', 1, 1);
INSERT OR IGNORE INTO user_answers (id, attempt_id, question_id, answer_option_id, answer_text, is_correct, points_earned) VALUES (365, 50, 23, NULL, '[{"label":"Address Concerns","x":385,"y":111,"xPercent":76.84630738522954,"yPercent":26.365795724465556},{"label":"High Contact","x":214,"y":274,"xPercent":42.71457085828344,"yPercent":65.08313539192399},{"label":"Keep Informed","x":381,"y":296,"xPercent":76.04790419161677,"yPercent":70.30878859857482},{"label":"Medium Contact","x":221,"y":97,"xPercent":44.11177644710579,"yPercent":23.040380047505938}]', 0, 0);
INSERT OR IGNORE INTO user_answers (id, attempt_id, question_id, answer_option_id, answer_text, is_correct, points_earned) VALUES (366, 50, 20, NULL, NULL, 0, 0);
INSERT OR IGNORE INTO user_answers (id, attempt_id, question_id, answer_option_id, answer_text, is_correct, points_earned) VALUES (367, 50, 22, NULL, NULL, 0, 0);
INSERT OR IGNORE INTO user_answers (id, attempt_id, question_id, answer_option_id, answer_text, is_correct, points_earned) VALUES (368, 51, 21, NULL, '["Focus"]', 1, 1);
INSERT OR IGNORE INTO user_answers (id, attempt_id, question_id, answer_option_id, answer_text, is_correct, points_earned) VALUES (369, 51, 23, NULL, '[{"label":"Address Concerns","x":197,"y":90,"xPercent":39.243027888446214,"yPercent":21.32701421800948},{"label":"High Contact","x":387,"y":94,"xPercent":77.09163346613546,"yPercent":22.274881516587676},{"label":"Keep Informed","x":199,"y":295,"xPercent":39.6414342629482,"yPercent":69.90521327014217},{"label":"Medium Contact","x":377,"y":294,"xPercent":75.0996015936255,"yPercent":69.66824644549763}]', 0, 0);
INSERT OR IGNORE INTO user_answers (id, attempt_id, question_id, answer_option_id, answer_text, is_correct, points_earned) VALUES (370, 51, 20, NULL, NULL, 0, 0);
INSERT OR IGNORE INTO user_answers (id, attempt_id, question_id, answer_option_id, answer_text, is_correct, points_earned) VALUES (371, 51, 22, NULL, NULL, 0, 0);
INSERT OR IGNORE INTO user_answers (id, attempt_id, question_id, answer_option_id, answer_text, is_correct, points_earned) VALUES (372, 52, 21, NULL, '["focus"]', 1, 1);
INSERT OR IGNORE INTO user_answers (id, attempt_id, question_id, answer_option_id, answer_text, is_correct, points_earned) VALUES (373, 52, 23, NULL, '[{"label":"Address Concerns","x":208,"y":155,"xPercent":41.43426294820717,"yPercent":36.72985781990521},{"label":"High Contact","x":362,"y":140,"xPercent":72.11155378486056,"yPercent":33.175355450236964},{"label":"Keep Informed","x":207,"y":310,"xPercent":41.235059760956176,"yPercent":73.45971563981043},{"label":"Medium Contact","x":384,"y":331,"xPercent":76.49402390438247,"yPercent":78.43601895734598}]', 0, 0);
INSERT OR IGNORE INTO user_answers (id, attempt_id, question_id, answer_option_id, answer_text, is_correct, points_earned) VALUES (374, 52, 20, NULL, NULL, 0, 0);
INSERT OR IGNORE INTO user_answers (id, attempt_id, question_id, answer_option_id, answer_text, is_correct, points_earned) VALUES (375, 52, 22, NULL, NULL, 0, 0);
INSERT OR IGNORE INTO user_answers (id, attempt_id, question_id, answer_option_id, answer_text, is_correct, points_earned) VALUES (376, 53, 21, NULL, '["focus"]', 1, 1);
INSERT OR IGNORE INTO user_answers (id, attempt_id, question_id, answer_option_id, answer_text, is_correct, points_earned) VALUES (377, 53, 23, NULL, '[{"label":"Address Concerns","x":210,"y":164,"xPercent":41.832669322709165,"yPercent":38.862559241706165},{"label":"High Contact","x":372,"y":160,"xPercent":74.10358565737052,"yPercent":37.91469194312796},{"label":"Keep Informed","x":202,"y":340,"xPercent":40.23904382470119,"yPercent":80.56872037914692},{"label":"Medium Contact","x":383,"y":323,"xPercent":76.29482071713147,"yPercent":76.54028436018957}]', 0, 0);
INSERT OR IGNORE INTO user_answers (id, attempt_id, question_id, answer_option_id, answer_text, is_correct, points_earned) VALUES (378, 53, 20, NULL, NULL, 0, 0);
INSERT OR IGNORE INTO user_answers (id, attempt_id, question_id, answer_option_id, answer_text, is_correct, points_earned) VALUES (379, 53, 22, NULL, NULL, 0, 0);
INSERT OR IGNORE INTO user_answers (id, attempt_id, question_id, answer_option_id, answer_text, is_correct, points_earned) VALUES (380, 54, 21, NULL, '["Focus"]', 1, 1);
INSERT OR IGNORE INTO user_answers (id, attempt_id, question_id, answer_option_id, answer_text, is_correct, points_earned) VALUES (381, 54, 23, NULL, '[{"label":"Address Concerns","x":212,"y":88,"xPercent":42.23107569721115,"yPercent":20.85308056872038},{"label":"High Contact","x":382,"y":94,"xPercent":76.09561752988047,"yPercent":22.274881516587676},{"label":"Keep Informed","x":203,"y":265,"xPercent":40.438247011952186,"yPercent":62.796208530805686},{"label":"Medium Contact","x":389,"y":278,"xPercent":77.49003984063745,"yPercent":65.87677725118483}]', 0, 0);
INSERT OR IGNORE INTO user_answers (id, attempt_id, question_id, answer_option_id, answer_text, is_correct, points_earned) VALUES (382, 54, 20, NULL, '{"Procedural Changes":"The Focus Process","Behavioural Change":"The Implementation Process"}', 1, 1);
INSERT OR IGNORE INTO user_answers (id, attempt_id, question_id, answer_option_id, answer_text, is_correct, points_earned) VALUES (383, 54, 22, NULL, '[{"label":"Shock","x":137,"y":154,"xPercent":12.309074573225516,"yPercent":29.50191570881226},{"label":"Denial","x":225,"y":384,"xPercent":20.21563342318059,"yPercent":73.5632183908046},{"label":"Frustration","x":412,"y":174,"xPercent":37.01707097933513,"yPercent":33.33333333333333},{"label":"Morale Dip","x":512,"y":314,"xPercent":46.00179694519318,"yPercent":60.15325670498084},{"label":"Decisions","x":653,"y":134,"xPercent":58.67026055705301,"yPercent":25.67049808429119},{"label":"Integration","x":944,"y":164,"xPercent":84.81581311769992,"yPercent":31.417624521072796},{"label":"Depression","x":672,"y":432,"xPercent":60.37735849056604,"yPercent":82.75862068965517},{"label":"Trial and Experimentation","x":868,"y":303,"xPercent":77.9874213836478,"yPercent":58.04597701149425}]', 0, 0);
INSERT OR IGNORE INTO user_answers (id, attempt_id, question_id, answer_option_id, answer_text, is_correct, points_earned) VALUES (384, 55, 21, NULL, '["focus"]', 1, 1);
INSERT OR IGNORE INTO user_answers (id, attempt_id, question_id, answer_option_id, answer_text, is_correct, points_earned) VALUES (385, 55, 23, NULL, '[{"label":"Address Concerns","x":196,"y":105,"xPercent":39.2,"yPercent":25},{"label":"High Contact","x":391,"y":109,"xPercent":78.2,"yPercent":25.952380952380956},{"label":"Keep Informed","x":222,"y":271,"xPercent":44.4,"yPercent":64.52380952380953},{"label":"Medium Contact","x":406,"y":280,"xPercent":81.2,"yPercent":66.66666666666666}]', 0, 0);
INSERT OR IGNORE INTO user_answers (id, attempt_id, question_id, answer_option_id, answer_text, is_correct, points_earned) VALUES (386, 55, 20, NULL, NULL, 0, 0);
INSERT OR IGNORE INTO user_answers (id, attempt_id, question_id, answer_option_id, answer_text, is_correct, points_earned) VALUES (387, 55, 22, NULL, '[{"label":"Morale Dip","x":624,"y":376,"xPercent":45.64740307242136,"yPercent":58.75},{"label":"Integration","x":1138,"y":179,"xPercent":83.24798829553768,"yPercent":27.968749999999996},{"label":"Trial and Experimentation","x":1066,"y":341,"xPercent":77.98098024871982,"yPercent":53.28125},{"label":"Shock","x":187,"y":169,"xPercent":13.679590343818582,"yPercent":26.406249999999996},{"label":"Denial","x":324,"y":455,"xPercent":23.70153621068032,"yPercent":71.09375},{"label":"Frustration","x":525,"y":244,"xPercent":38.40526700804682,"yPercent":38.125},{"label":"Depression","x":757,"y":564,"xPercent":55.37673738112655,"yPercent":88.125},{"label":"Decisions","x":814,"y":159,"xPercent":59.54645208485735,"yPercent":24.84375}]', 0, 0);

-- boss_consultant_relationships (3 rows)
INSERT OR IGNORE INTO boss_consultant_relationships (boss_id, consultant_id, created_at) VALUES (2, 3, '2025-10-28 12:40:19');
INSERT OR IGNORE INTO boss_consultant_relationships (boss_id, consultant_id, created_at) VALUES (2, 8, '2025-10-31 06:05:23');
INSERT OR IGNORE INTO boss_consultant_relationships (boss_id, consultant_id, created_at) VALUES (2, 4, '2025-12-04 05:40:06');

-- Re-enable foreign key checks
PRAGMA foreign_keys = ON;

-- Total rows imported: 1072
